date,Rm-Rf,SMB,HML,RMW,CMA,Rf,Mom,ST_Rev,LT_Rev,Rp_ew_cc
1/3/2000,1.39,0.96,-0.96,-1.2,-0.09,0.02,1.03,-0.79,1.17,0.005490457
2/3/2000,-0.08,0.03,0.38,0.76,0.48,0.02,1.27,0.37,-0.6,-0.005150756
3/3/2000,2.3,-0.22,-1.08,-0.82,-0.58,0.02,1.9,-1.04,0.56,0.004658299
6/3/2000,-0.77,1.74,-0.16,-1,0.39,0.02,1.11,-2.3,0.91,-0.000682187
7/3/2000,-2.2,0.76,0.85,-0.62,-0.07,0.02,0.87,-0.72,1.07,0.004475842
8/3/2000,0.69,-0.69,-0.17,0.4,-1.5,0.02,-0.5,1.33,-0.63,0.001948476
9/3/2000,2.45,-0.72,-1.02,0.46,-1.28,0.02,0.81,-0.13,-0.08,0.001702446
10/3/2000,-0.43,0.23,0.34,0.2,-0.01,0.02,0.43,-0.46,0.47,0.000676945
13/03/2000,-1.48,-0.83,1.22,1.29,-0.04,0.02,-1.69,1.45,-0.37,0.004635789
14/03/2000,-2.33,-1.02,1.53,2.19,-0.42,0.02,-2.26,2.63,-1.87,0.002650958
15/03/2000,0.83,-4.33,1.82,3.12,1.43,0.02,-5.29,5.29,-1.58,0.002642302
16/03/2000,4.25,-3.26,0.53,1.23,-0.25,0.02,-2.41,2.29,-2.05,-0.002530239
17/03/2000,0.62,0.23,-0.95,-0.15,-0.48,0.02,1.77,-0.53,-0.23,0.009804011
20/03/2000,-1.71,-2.57,2.29,2.91,0.45,0.02,-1.41,0.14,-0.55,0.006366562
21/03/2000,1.95,-2.41,-0.56,0.6,-1.17,0.02,-0.76,-0.26,-1.29,-0.001000529
22/03/2000,1.31,2.37,-1.79,-1.92,-0.55,0.02,2.87,0.8,0.8,-0.003496807
23/03/2000,1.48,-0.8,0.2,0.81,-0.12,0.02,0.64,-0.03,-0.32,-0.002268238
24/03/2000,0.11,-0.38,0.09,0.12,-0.21,0.02,-0.06,-0.12,-0.57,-0.008913368
27/03/2000,-0.39,0.24,-0.27,-0.2,0.37,0.02,0.99,0.14,-0.04,-0.006408177
28/03/2000,-1.34,-0.94,0.92,0.83,-0.04,0.02,-1.41,0.71,-0.15,0.003793582
29/03/2000,-1,-2.26,2.48,2.5,0.83,0.02,-2.84,-1.35,-1.09,-0.013427036
30/03/2000,-1.76,-1.58,2.35,1.52,0.71,0.02,-3.43,-1.2,-0.76,-0.007948817
31/03/2000,1.19,0.32,-0.17,-1.69,-0.01,0.02,1.46,1.2,1.06,0.000673264
3/4/2000,-1.67,-3.43,2.26,4.06,2.2,0.024,-4.93,-3.6,-2,-0.000908302
4/4/2000,-1.2,-1.97,0.52,1.72,0.54,0.024,-2.02,-0.97,-1.16,-0.009173094
5/4/2000,0.01,1.59,-0.94,-1.26,0.23,0.024,0.97,1.85,0.77,0.010715225
6/4/2000,1.47,1.47,-0.77,-1.49,0.8,0.024,2.12,2.88,1.34,0.005403271
7/4/2000,1.42,1.27,-1,-0.82,-1.33,0.024,2.47,3.13,0.86,0.005991557
10/4/2000,-1.95,-2.71,2.52,2.81,1.09,0.024,-3.35,-4.01,-1.47,-0.008577399
11/4/2000,-1.01,-1.9,2.29,2.02,1.13,0.024,-2.74,-3.88,-0.25,-0.000697225
12/4/2000,-2.97,-1.93,3.04,2.05,1.45,0.024,-5.89,-6.5,-1.13,-4.17E-05
13/04/2000,-1.8,-0.02,1.26,0.18,0.79,0.024,-1.64,-0.96,0.85,0.004745152
14/04/2000,-6.72,-1.35,2.78,2.46,0.71,0.024,-3.01,-4.29,-1.08,0.013867944
17/04/2000,2.94,-2.47,-1.62,0.58,-2.1,0.024,1.87,2.13,0.14,-0.000135661
18/04/2000,3.84,3.03,-3.01,-2.86,-0.8,0.024,5.12,7.35,1.7,0.001313396
19/04/2000,-0.8,1.56,0.44,-0.57,0.99,0.024,0.15,0.75,0.45,0.000391715
20/04/2000,0.09,-0.92,0.99,0.74,0.4,0.024,-0.68,-1.25,-0.23,-0.008013251
24/04/2000,-1.01,-2.07,1.55,2.11,1.4,0.024,-2.56,-4.21,-0.85,-0.001579017
25/04/2000,3.74,0.31,-1.48,-1.69,-1.14,0.024,2.56,4.15,1.15,-0.003561013
26/04/2000,-1.23,0.46,1.68,0.06,0.56,0.024,-0.12,-0.42,0.08,-0.005600555
27/04/2000,0.76,1.18,-1.12,-1.21,-1.23,0.024,2,2.15,0.43,0.004661806
28/04/2000,0.07,2.37,-0.27,-1.77,-0.22,0.024,1.2,2.06,1.21,-8.60E-05
1/5/2000,1.4,1.34,-1.39,-0.8,-0.43,0.023,1.18,3.16,0.27,0.002452023
2/5/2000,-2.07,-0.52,1.8,1.25,0.75,0.023,-1.59,-1.23,-0.15,0.005847323
3/5/2000,-2.09,0.22,-0.08,0.45,0.33,0.023,-0.95,-0.14,-0.4,-0.0053362
4/5/2000,0,0.92,0.12,-1.14,0.31,0.023,-0.12,-0.77,0.97,-0.005300278
5/5/2000,1.48,0.59,-0.99,-0.04,-0.2,0.023,0.91,0.58,-0.41,0.0054607
8/5/2000,-0.98,-1.3,2,0.63,0.81,0.023,-2.08,-1.55,-0.37,-0.002665001
9/5/2000,-1.19,-0.67,1.01,1.44,-0.03,0.023,-1.56,-1.19,-0.65,0.000101103
10/5/2000,-2.7,-0.93,1.37,1.21,1.02,0.023,-2.62,-2.61,-0.54,-0.007905009
11/5/2000,2.08,0.41,-0.4,-0.64,-1.12,0.023,0.84,1.39,0.82,0.003049111
12/5/2000,0.81,-0.41,0.14,0.25,-0.03,0.023,0.43,0.45,0.46,0.008685299
15/05/2000,2.13,-0.93,-0.74,-0.56,-0.42,0.023,0.54,0.44,-0.93,0.006133307
16/05/2000,1.3,0.13,-0.93,-0.93,-0.5,0.023,0.95,0.24,0.66,0.005688649
17/05/2000,-1.38,0.46,0.66,0.29,0.34,0.023,-0.09,-0.25,0.57,0.006298445
18/05/2000,-1.09,-0.86,1.27,0.82,0.9,0.023,-1.19,-0.54,0.07,-0.009997964
19/05/2000,-2.39,-0.07,1.14,0.66,0.56,0.023,-1.34,-0.51,-0.26,-0.008075633
22/05/2000,-0.73,-1.22,0.09,0.77,-0.17,0.023,-0.95,-0.24,-0.95,-0.005202255
23/05/2000,-2.38,-0.41,1.56,1.87,0.85,0.023,-1.97,-1.11,-0.33,0.004018027
24/05/2000,1.55,-1.68,-1.26,0.65,-1.05,0.023,-0.31,0.53,-1.42,0.004307112
25/05/2000,-1.29,0.35,0.21,-0.05,-0.05,0.023,-0.16,0.39,0.42,0.001948742
26/05/2000,-0.18,0.16,0.28,0.08,-0.08,0.023,-0.46,-0.35,0.31,-0.005332071
30/05/2000,3.82,0.28,-2.8,-2.1,-1.38,0.023,3.37,4.51,0.39,0.010848908
31/05/2000,-0.22,0.23,0.62,-0.19,0.54,0.023,0.11,-0.63,0.14,-0.000460357
1/6/2000,2.5,0.53,-1.91,-1.55,-0.83,0.018,1.77,3.16,0.95,0.002996973
2/6/2000,2.91,1.35,-3.07,-2.28,-1.49,0.018,2.21,3.95,0.45,0.021737074
5/6/2000,-0.37,1.28,-1.04,-1.16,0.52,0.018,1.02,1.92,1.09,-0.00371396
6/6/2000,-0.87,0.74,0.58,-0.44,0.9,0.018,0.11,0.85,-0.03,-0.007998551
7/6/2000,1.16,0.03,-0.9,-0.55,-0.82,0.018,0.3,0.35,-0.91,-0.006322729
8/6/2000,-0.6,0.59,0.26,-0.3,-0.1,0.018,1.3,0.07,0.73,-0.005240685
9/6/2000,0.04,1.67,-0.18,-1.43,0.45,0.018,0.91,-0.3,0.79,-0.004201257
12/6/2000,-1.19,-0.71,1.7,0.7,0.78,0.018,-0.79,0.32,-0.04,0.003060164
13/06/2000,1.45,-0.52,-1.02,0.61,-0.83,0.018,1.19,0.11,-0.47,-0.011942243
14/06/2000,-0.16,-0.17,0.12,0.97,0.04,0.018,-0.03,0.88,-0.69,0.003682997
15/06/2000,0.5,-0.36,-0.82,-0.47,-0.4,0.018,1.09,0.23,-0.12,-0.010484556
16/06/2000,-0.74,1.01,-0.06,-0.82,0,0.018,2.06,-0.43,0.59,-0.008506326
19/06/2000,1.66,-0.06,-1.66,-0.42,-0.19,0.018,1.22,-1.29,0.16,-0.004360159
20/06/2000,-0.25,0.65,-0.46,-1.36,-0.19,0.018,0.61,-1.19,0.9,-0.004053209
21/06/2000,0.36,0.43,-0.37,-0.66,0,0.018,1.16,-0.67,0.49,0.000876591
22/06/2000,-1.88,0.04,0.83,1.15,0.02,0.018,-1.08,1.5,-0.58,0.009081445
23/06/2000,-0.99,0.18,0.86,0.41,0.96,0.018,0.47,1.28,0.39,-0.006798677
26/06/2000,0.92,1.1,-1.26,0.56,-0.98,0.018,1.09,-0.65,-0.35,-0.00215896
27/06/2000,-0.55,-0.31,0.51,0.92,-0.24,0.018,-0.59,1.17,-0.19,0.013857223
28/06/2000,0.77,1.58,-0.86,-0.72,-0.23,0.018,0.59,-0.04,-0.24,-0.00647726
29/06/2000,-0.67,0.14,0.75,0.6,1.11,0.018,0.52,-0.23,0.53,-0.000830174
30/06/2000,0.74,0.95,-1.75,-0.12,-1.49,0.018,0.38,-0.14,-0.46,-0.002360089
3/7/2000,0.91,-0.29,0.83,-0.2,0.26,0.024,-0.58,2.6,0.59,0.007551991
5/7/2000,-1.6,0.57,1.83,0.58,1.31,0.024,-1.67,-0.28,-1.12,0
6/7/2000,0.87,-0.1,-0.09,-0.38,-0.88,0.024,0.67,0.29,0.11,0
7/7/2000,1.46,-0.88,-0.79,0.38,-0.45,0.024,1.11,0.07,0.31,0.00217647
10/7/2000,-0.13,0.35,0.76,0.66,0.6,0.024,-0.27,-0.46,0.29,0.001784346
11/7/2000,0.12,-0.24,0.24,0.44,1.08,0.024,0.37,-0.49,0.01,0.003206474
12/7/2000,1.31,0.28,-0.87,-1.45,-1.3,0.024,0.79,0.78,0.58,0.000873574
13/07/2000,0.51,-0.02,-0.48,-1.68,-1.35,0.024,0.05,1.04,-0.19,-0.000379182
14/07/2000,0.94,-0.61,-0.51,-0.55,-1.04,0.024,-0.09,0.43,0.24,0.001812116
17/07/2000,0.1,0.68,-1.1,-0.27,-0.21,0.024,0.93,0.1,0.17,0.001841321
18/07/2000,-1.35,0.43,1.22,0.76,0.92,0.024,-1.01,0.64,-0.17,0.003355378
19/07/2000,-1.19,-0.14,1.39,1.17,0.95,0.024,-0.88,1.05,-0.94,-0.003983935
20/07/2000,1.33,-0.37,-0.95,-0.89,-0.84,0.024,1.64,0.02,-0.92,-0.006063052
21/07/2000,-1.3,-0.32,1.23,0.97,1.03,0.024,-0.7,-0.44,-0.68,0.002714953
24/07/2000,-1.44,-0.21,0.84,1.67,0.78,0.024,-0.95,0.59,-0.18,-0.003103272
25/07/2000,0.51,-0.69,0,-0.08,-0.75,0.024,0.1,-0.12,-0.14,-0.001675613
26/07/2000,-1.33,1.09,0.73,0.3,0.32,0.024,0.69,-0.29,-0.6,0.000377574
27/07/2000,-0.9,-1.26,2.56,2.26,1.7,0.024,-1.21,0.36,-1.81,-0.003472011
28/07/2000,-2.33,-0.01,2.04,1.58,1.61,0.024,-1.34,0.63,0.82,0.007720052
31/07/2000,1.03,0.59,-0.51,-0.14,-0.98,0.024,0.52,0.91,-0.13,0.004853729
1/8/2000,0.16,-0.92,1.53,0.65,1.98,0.022,-0.66,-0.12,0.02,0.000276995
2/8/2000,0.02,0.05,0.38,0.58,0.63,0.022,0.01,0.22,-0.19,-0.004929824
3/8/2000,1.11,-1.25,0.04,0.12,-1.17,0.022,0.4,0.08,-1.16,-0.009799995
4/8/2000,0.89,-0.4,-0.1,-0.6,0.01,0.022,0.28,-0.58,-0.34,-0.003046155
7/8/2000,1.16,-0.17,-0.45,-0.32,-0.61,0.022,0.48,0.32,0.2,-0.005741537
8/8/2000,0.1,-0.38,0.96,0.55,0.42,0.022,-0.51,-0.36,-0.02,-0.000858895
9/8/2000,-0.6,0.41,0.09,-0.26,-0.05,0.022,0.06,0.24,0.62,0.003989279
10/8/2000,-1.03,-0.11,1.24,0.86,0.97,0.022,-1.11,-0.71,-0.07,0.00619666
11/8/2000,0.86,0.23,0.32,0.47,0.5,0.022,-0.26,-0.01,0.32,-0.001295309
14/08/2000,1.24,-0.4,-0.43,-0.26,-0.02,0.022,0.6,0.23,0.5,-0.009889912
15/08/2000,-0.46,-0.09,0.28,-0.34,-0.17,0.022,-0.23,0.67,0.37,-0.002112897
16/08/2000,-0.18,0.61,-0.19,-0.69,-0.31,0.022,-0.13,0.89,0.49,0.005526534
17/08/2000,1.12,-0.57,-0.63,-0.51,-0.44,0.022,1.06,0.09,-0.22,0.00194251
18/08/2000,-0.28,0.08,0.05,-0.22,-0.05,0.022,0.14,0.69,0.61,-0.004322133
21/08/2000,0.4,-0.14,-0.72,0.2,-0.13,0.022,0.52,0.79,-0.37,0.002755334
22/08/2000,-0.01,0.12,-0.03,-0.18,-0.02,0.022,0.17,-0.31,0.22,-0.004636825
23/08/2000,0.55,-0.25,-0.93,-0.48,-0.32,0.022,1.21,0.18,0,-0.003624813
24/08/2000,0.34,0.47,-0.67,-0.7,0.18,0.022,0.89,0.15,0.56,-0.005323629
25/08/2000,-0.04,0.6,-0.52,-0.15,0.23,0.022,0.17,0.55,-0.04,0.003679923
28/08/2000,0.49,-0.23,-0.16,-0.06,-0.39,0.022,0.27,-0.37,-0.26,0.001892897
29/08/2000,-0.03,0.68,-0.41,-0.25,-0.34,0.022,0,0.26,0.2,-0.006545685
30/08/2000,-0.11,0.61,-0.07,-1.02,-0.12,0.022,0.51,-0.13,-0.34,-0.004466438
31/08/2000,1.19,0.03,-0.79,-0.38,-0.24,0.022,1.2,-1.37,0.26,-0.002823267
1/9/2000,0.38,0.15,-0.39,-0.58,-0.13,0.025,-0.08,0.03,0.36,-0.003855662
5/9/2000,-0.97,0.28,1.46,0.28,0.55,0.025,-1.18,0.75,0.21,0.004464949
6/9/2000,-1.23,0.44,2.14,0.95,0.96,0.025,-1,1.15,-0.5,0.003455519
7/9/2000,0.8,0.34,-0.76,0.07,-0.34,0.025,1.59,-0.64,0.08,-0.016385122
8/9/2000,-0.83,-0.35,1.22,1.16,1.23,0.025,-0.56,1.09,-0.39,-0.003053123
11/9/2000,-0.45,-0.27,1.45,0.81,0.89,0.025,-0.34,0.29,-0.41,-0.004831569
12/9/2000,-0.5,0.4,0.11,0.56,0.67,0.025,0.23,0,-0.16,-0.010872385
13/09/2000,0.29,-0.3,-0.17,-0.78,-0.32,0.025,0.49,0.24,0.12,-0.009324912
14/09/2000,0.01,0.93,-0.67,-1.04,-0.6,0.025,1.01,-0.63,0.18,-0.004503639
15/09/2000,-1.23,0,1.21,-0.29,0.95,0.025,-0.06,-0.32,-0.05,-0.003308037
18/09/2000,-1.8,-0.49,0.82,1.34,0.52,0.025,-0.06,0.06,-0.55,0.002591638
19/09/2000,1.24,-0.18,-2.15,-0.84,-1.54,0.025,1.49,1.41,-0.19,0.006294159
20/09/2000,-0.39,0.29,-0.59,0.49,-0.41,0.025,1.13,-0.95,-0.09,0.004381515
21/09/2000,-0.54,-0.52,0.75,1.4,1.25,0.025,-0.45,-0.69,-0.28,0.0121343
22/09/2000,0.4,-0.66,0.14,-0.92,0.99,0.025,0.41,-1.91,-0.39,-0.00520189
25/09/2000,-0.56,-0.22,0.55,-0.06,0.27,0.025,0.36,-1.56,-0.02,-0.006491114
26/09/2000,-0.96,-0.37,1.41,0.29,0.51,0.025,0.06,-1.41,0.33,-0.015698418
27/09/2000,-0.21,-0.64,0.56,0.67,0.72,0.025,1.01,-1.07,0.18,-0.006116682
28/09/2000,2.32,0.01,-1.43,-0.5,-0.96,0.025,-0.63,1.19,-0.58,0.005853577
29/09/2000,-1.26,1.16,1.26,0.02,1.33,0.025,-0.87,-1.21,0.06,-0.00576039
2/10/2000,-0.7,-1.09,1.2,1.78,0.65,0.025,-0.06,-0.97,-0.03,-0.002032924
3/10/2000,-1.29,0.14,1.13,1.63,0.93,0.025,-0.89,-1.28,0.29,0.006930924
4/10/2000,0.64,-0.27,-0.97,-0.73,-1.36,0.025,0.1,1.99,0.05,-0.00439894
5/10/2000,-0.23,-0.29,-0.09,1.35,1.16,0.025,-0.24,-2.41,-0.39,-0.004209061
6/10/2000,-2.17,0.04,1.89,1.34,0.84,0.025,-0.64,-0.79,0.13,-0.002287419
9/10/2000,-0.39,-0.47,0.59,-0.62,-0.07,0.025,-0.06,0.26,0.23,0.005391005
10/10/2000,-1.44,0.06,1.14,0.56,1.34,0.025,-0.91,-2.12,-0.14,-0.001040218
11/10/2000,-1.77,0.18,1,1.37,0.92,0.025,1.3,-1.45,-0.35,0.003466791
12/10/2000,-2.83,0.73,1.64,1.53,0.83,0.025,-0.34,-1.27,0.17,-0.005063374
13/10/2000,3.88,-0.98,-2.63,-1.54,-2.59,0.025,3.2,5.7,-0.83,-0.007265316
16/10/2000,0.24,-0.31,-0.5,-0.51,1.12,0.025,1.39,-1.21,0.58,-0.007500066
17/10/2000,-1.95,0.08,1.08,1.45,0.93,0.025,-0.05,-2.72,-0.92,0.005248266
18/10/2000,-0.84,0,0.2,1,0.44,0.025,-1.2,-0.41,0.18,-0.008286601
19/10/2000,3.66,-0.72,-2.75,-1.26,-2.99,0.025,0,6.01,-0.64,0.003886748
20/10/2000,0.92,0.39,-1.22,-1.82,-1.53,0.025,-0.26,2.35,0.17,0.004331727
23/10/2000,0.03,0.39,-0.47,-1.02,0.53,0.025,-0.26,0.94,1.01,-0.010849595
24/10/2000,-0.12,-0.19,0.73,1.34,0.97,0.025,-1.35,0.35,0.07,0.004456383
25/10/2000,-2.52,0.3,1.8,2.3,2.07,0.025,-1.74,-2.5,0.1,-0.000134631
26/10/2000,0,0.65,-0.25,0.04,-0.15,0.025,-0.33,1.03,0.11,-7.69E-05
27/10/2000,0.91,-0.88,1.2,0.77,0.1,0.025,-1.19,-0.21,0.06,-0.005316286
30/10/2000,0.74,-0.82,1.74,1.82,1.58,0.025,-2.07,-2,0.3,0.021011976
31/10/2000,2.75,0.03,-1.92,-1.98,-1.4,0.025,0.83,4.28,-1.43,-0.009471872
1/11/2000,-0.48,-0.15,0.8,-0.53,0.17,0.024,-0.3,0.59,0.28,0.002979684
2/11/2000,1.05,1,-1.31,-1.13,-0.62,0.024,-0.5,1.17,-0.45,0.005960602
3/11/2000,-0.03,0.7,-0.93,-0.46,-0.43,0.024,0.72,1.02,-0.11,0.003760209
6/11/2000,0.13,-0.72,0.34,0.4,0.9,0.024,0.38,0.17,0.54,-0.006129007
7/11/2000,-0.08,0.36,-0.45,-0.07,-0.26,0.024,-0.36,0.03,0.15,0.012739879
8/11/2000,-1.97,0.79,2.07,1.63,2.22,0.024,-0.75,0.43,1.33,-0.001491396
9/11/2000,-0.96,-0.19,0.92,1.61,0.46,0.024,0.53,0.25,-0.36,-0.005485872
10/11/2000,-2.69,-0.02,2.52,0.89,2.11,0.024,0.85,0.03,1.58,0.000357065
13/11/2000,-1.39,0.4,1.71,1.79,-0.27,0.024,-1.96,0.43,-0.68,0.000333612
14/11/2000,2.66,-0.66,-2.31,-1.42,-1.75,0.024,0.95,2.57,-1.16,0.000933781
15/11/2000,0.6,-0.09,0.3,-0.3,0.14,0.024,1.53,0.16,0.53,0.001054521
16/11/2000,-1.67,-0.15,1.75,1.46,1.22,0.024,0.32,-0.89,0.52,-0.009334942
17/11/2000,-0.52,0.77,0.6,0.9,0.49,0.024,-0.07,-0.15,-0.44,-0.016059806
20/11/2000,-2.46,0.06,1.89,2.19,1.28,0.024,-0.61,-2.19,0.44,0.012651192
21/11/2000,-0.05,-0.78,0.74,1.33,0.71,0.024,1.44,-0.79,-0.35,-0.002946571
22/11/2000,-2.12,0.16,2,1.2,0.86,0.024,-0.33,-2.42,0.53,-0.004622404
24/11/2000,2.08,0.33,-2.16,-2.24,-1.41,0.024,-0.18,2.53,-0.7,-0.001887432
27/11/2000,0.3,-0.36,-0.75,1.05,0.23,0.024,0.06,-0.15,-0.35,0.005270463
28/11/2000,-1.67,-0.58,2.63,2.27,1.58,0.024,0.79,-2.47,0.73,-0.000183914
29/11/2000,0.18,-1.35,1.03,1.98,0.55,0.024,-0.13,-1.4,-0.23,0.001418916
30/11/2000,-2.03,-0.21,1.45,0.72,0.97,0.024,1.36,-1.59,1.13,0.003677197
1/12/2000,0.51,1.44,-0.71,-1.76,-0.43,0.025,0.77,2.65,-0.49,-0.001573283
4/12/2000,0.35,-1.65,0.97,1.19,0.55,0.025,0.01,-1.97,0.08,-7.24E-05
5/12/2000,4.55,-0.68,-3.6,-2.14,-3.38,0.025,1.12,6.66,-2.7,-0.029819253
6/12/2000,-1.78,0.27,0.99,-0.03,0.97,0.025,0.87,-1.4,0.66,-0.000858038
7/12/2000,-0.59,0.04,0.69,0.51,0.78,0.025,1.38,-1.68,0.12,-0.008758545
8/12/2000,2.79,0.24,-1.88,-2.69,-0.91,0.025,-0.33,3.13,-0.56,-0.00996819
11/12/2000,1.15,0.06,-1.07,-1.45,-1.01,0.025,-0.48,2.52,-0.65,0.003640279
12/12/2000,-1.07,-0.4,0.81,0.82,0.51,0.025,-1.81,1.73,0,-0.003549134
13/12/2000,-1.14,0.04,1.25,1.1,1.05,0.025,0.06,0.18,1.18,0.017921325
14/12/2000,-1.8,0.22,1.23,1.06,1.21,0.025,-0.01,-1.08,0.87,-0.000494368
15/12/2000,-1.96,0.72,1.65,-0.46,0.72,0.025,1.31,-1.71,0.44,-0.006730359
18/12/2000,0.6,-0.18,1.1,1.78,1.57,0.025,2.45,-2.52,1.12,0.012852305
19/12/2000,-1.63,0.24,2.2,1.14,1.77,0.025,0.95,-2.75,1.46,-0.003613266
20/12/2000,-3.59,-0.19,3.5,2.75,2.4,0.025,1.56,-4.16,2.13,0.002463376
21/12/2000,0.54,0.16,0.09,1.51,-0.42,0.025,0.35,-1.12,0.19,-0.000412564
22/12/2000,3.06,0.05,-2.06,-2.2,-2.1,0.025,-1.66,3.65,-1.56,0.020702713
26/12/2000,0.55,-0.26,0.71,0.43,0.73,0.025,1.96,-1.13,0.9,-0.001114731
27/12/2000,1.36,0.83,-0.64,-0.22,-0.2,0.025,0.13,0.23,-0.27,0.00938761
28/12/2000,0.88,1.95,-0.89,-0.56,0.28,0.025,0.07,0.09,-0.15,-0.000371459
29/12/2000,-1.23,0.25,1.33,0.39,1.21,0.025,-0.01,2.07,0.56,0.004777988
2/1/2001,-3.52,0.3,2.19,1.52,1.6,0.026,-1.25,1.58,2.16,0.015911472
3/1/2001,5.39,-0.41,-5.12,-1.42,-5.9,0.026,-7.26,6.97,-5.05,0
4/1/2001,-1.3,0.91,-0.28,0.58,-0.8,0.026,-4.15,-0.42,-0.62,0
5/1/2001,-2.98,0.72,2.51,1.52,2.32,0.026,0.67,-0.33,1.9,-0.001545136
8/1/2001,-0.36,-0.41,1.34,0.74,0.66,0.026,0.15,-0.89,1.49,0.00221683
9/1/2001,0.51,0.25,-0.3,-0.7,-0.52,0.026,-1.56,1.02,0.44,-0.000847299
10/1/2001,1.44,0.56,-1.53,-1.48,-1,0.026,-1.16,0.73,-0.48,0.003926428
11/1/2001,1.39,0.89,-3.25,-1.76,-1.96,0.026,-2.87,2.42,-2.2,-0.009810246
12/1/2001,-0.4,1.16,-0.23,-1.42,-0.08,0.026,-1.1,1.44,0.2,0.001643245
16/01/2001,0.68,1.38,-0.47,0.13,0.49,0.026,0.07,0.86,0.61,0.002021303
17/01/2001,0.37,-0.24,-0.76,-0.89,-1.23,0.026,-1.84,1.27,-1.21,0.002485999
18/01/2001,1.16,-0.56,-1.01,-0.31,-1.14,0.026,-2.03,0.96,-1.46,0.003410083
19/01/2001,-0.55,-0.21,0,-0.25,-0.58,0.026,-1.16,-0.78,-0.15,0.002317117
22/01/2001,-0.01,0.09,0.83,0.35,0.91,0.026,1.13,1.5,1.17,0.006038983
23/01/2001,1.57,0.29,-0.59,-0.96,-0.45,0.026,-0.34,0.11,-0.49,0.001097246
24/01/2001,0.34,-0.41,-0.28,-0.79,-0.65,0.026,-1.06,-0.34,-0.49,0.00226523
25/01/2001,-0.81,-0.05,1.72,1.41,1.71,0.026,2.4,2.96,1.11,0.001169756
26/01/2001,-0.11,0.3,-0.35,0.17,-0.25,0.026,0.12,0.02,-0.19,0.001202412
29/01/2001,0.9,0.64,-0.36,-0.64,-0.78,0.026,-1.57,-1.31,-0.11,-0.002142586
30/01/2001,0.63,0.05,-0.33,-0.32,0.03,0.026,-1.06,0.25,-0.33,-0.002521197
31/01/2001,-0.72,0.39,0.39,1.09,0.72,0.026,0.55,1.14,0.28,0.002434406
1/2/2001,0.39,-0.15,0.58,0.94,0.08,0.02,0.25,0.44,1.1,-0.000540255
2/2/2001,-1.9,0.4,2.12,1.16,1.62,0.02,2.95,2.08,1.73,7.86E-05
5/2/2001,0.17,-0.32,1.05,0.53,0.32,0.02,1.59,0.8,0.78,0.003381642
6/2/2001,0.04,0.8,-0.23,-0.01,0.03,0.02,-0.38,-0.05,-0.14,-0.002437775
7/2/2001,-0.86,1.12,1.23,1.16,1.13,0.02,2.32,0.73,1.4,-0.000388492
8/2/2001,-0.67,-0.1,0.99,-0.1,0.53,0.02,0.74,0.81,0.77,0.003493553
9/2/2001,-1.42,0.19,1.63,0.58,1.35,0.02,2.26,0.7,1.19,0.003840004
12/2/2001,1.1,0.24,-0.33,0.87,0.33,0.02,-0.56,0.97,-0.52,0.002140349
13/02/2001,-0.9,0.5,1.08,0.17,0.56,0.02,1.16,-0.13,1.07,0.000373907
14/02/2001,-0.04,0.14,-0.46,-0.39,-0.91,0.02,-0.93,0.64,-1.14,-0.002412828
15/02/2001,0.93,0.02,-0.86,-0.19,-0.87,0.02,-1.98,1.03,-0.81,0.001688125
16/02/2001,-1.93,-0.03,2.05,1.12,1.8,0.02,3.27,-1.79,1.63,0.002166922
20/02/2001,-1.93,0.53,1.67,1.13,1.62,0.02,1.87,-1.85,1.53,-0.003359128
21/02/2001,-1.84,0.1,1.26,-0.14,0.51,0.02,0.38,-1.17,0.79,0.002165388
22/02/2001,-0.48,-0.87,0.69,0.56,0.04,0.02,0.07,0.21,0.34,0.004353055
23/02/2001,-0.38,0.2,-0.43,0.06,-0.22,0.02,-0.11,0.84,-0.26,-0.001531916
26/02/2001,1.91,-0.05,-0.32,-0.44,-0.21,0.02,-0.63,1.45,-0.25,-0.003285935
27/02/2001,-1.17,-0.62,1.66,1.05,1.47,0.02,2.56,-1.84,1.69,-0.00207074
28/02/2001,-1.48,0.57,0.99,0.14,1.06,0.02,1.09,-1.56,1.45,-0.002166078
1/3/2001,0.02,-0.47,-0.13,-0.2,-0.53,0.019,-0.59,0.4,-0.35,0.001522128
2/3/2001,-0.53,0.92,1.01,-0.22,1.46,0.019,1.57,-1.58,0.98,-0.001779018
5/3/2001,0.54,-0.75,0.1,-0.46,0.14,0.019,-0.79,0.22,0.01,-0.001087185
6/3/2001,1.06,0,-1.1,-0.45,-1.42,0.019,-2.35,2.1,-1.23,-0.001548717
7/3/2001,0.58,0.15,0.49,0.16,0.26,0.019,0.66,-0.35,0.92,-0.001474701
8/3/2001,-0.14,-0.45,1.12,0.83,1.09,0.019,1.81,-1.61,1.3,0.002570142
9/3/2001,-2.5,0.82,2.2,0.44,1.92,0.019,3.06,-2.39,2.21,-0.000293927
12/3/2001,-4.34,1.09,2.7,0.72,1.51,0.019,2.43,-3.25,1.86,-0.0033455
13/03/2001,1.61,-0.62,-1.76,-0.08,-1.96,0.019,-3.13,2.8,-2.3,0.002054429
14/03/2001,-2.5,0.73,0.03,0.07,0.13,0.019,0.32,-0.59,0.03,0.003187648
15/03/2001,0.34,-0.4,0.19,0.16,0.25,0.019,0.92,0.59,-0.38,-0.001283211
16/03/2001,-2.11,-0.04,1.18,0.78,0.17,0.019,1.45,-1.95,1.57,0.001392738
19/03/2001,1.86,-0.39,-1.21,-0.19,-0.47,0.019,-1.59,2.17,-1.13,-0.007982072
20/03/2001,-2.4,1.01,1.54,0.13,1.01,0.019,2.4,-1.46,0.89,0.000966463
21/03/2001,-1.88,0.02,0.92,0.36,-0.24,0.019,0.14,-0.92,0.3,0.003235993
22/03/2001,-0.43,-0.26,-1.65,-0.12,-1.7,0.019,-3.02,1.49,-1.86,0.000762921
23/03/2001,2.08,0.12,-1.48,0.28,-0.01,0.019,-0.95,2.85,-1.23,-9.95E-05
26/03/2001,1.09,-0.68,0.87,-0.12,0.49,0.019,0.88,0.79,0.03,0.00122584
27/03/2001,2.4,-0.93,-1.44,0.41,-1.09,0.019,-1.03,1.19,-0.99,0.0007198
28/03/2001,-2.58,0.55,2.02,0.95,1.84,0.019,3.64,-0.75,1.68,-0.001903016
29/03/2001,-0.53,0.27,1.21,0.48,0.85,0.019,1.48,-0.96,1.56,0.005323683
30/03/2001,1.19,1.59,-0.54,-0.62,0.28,0.019,0.12,1.36,-0.13,7.79E-05
2/4/2001,-1.6,-1.19,1.71,1.58,0.36,0.02,2.26,-1.28,0.74,-0.001203352
3/4/2001,-3.69,0.53,2.43,1.35,1.48,0.02,3.83,-3.12,1.45,-0.000572452
4/4/2001,-0.39,-0.02,0.83,0.54,1.05,0.02,1.28,-0.58,1.11,-0.001460321
5/4/2001,4.68,-0.61,-3.59,-1.34,-2.4,0.02,-5.41,6.95,-2.93,-0.002158893
6/4/2001,-2.07,0.43,0.19,0.48,0.68,0.02,1.72,-1.89,0.86,0.001862917
9/4/2001,0.87,0.23,0.14,-0.43,0.01,0.02,0.39,0.6,0.2,0.002342301
10/4/2001,2.87,-0.84,-1.17,-1.49,-1.65,0.02,-3.16,3,-1.52,-0.00195966
11/4/2001,-0.1,-0.34,-0.7,-0.79,-1.09,0.02,-2.39,2.85,-1.77,-0.001418577
12/4/2001,1.57,-0.24,-1.31,-0.87,-0.43,0.02,-1.66,1.36,-1.12,-0.003576694
16/04/2001,-0.47,-0.18,0.87,0.14,0.9,0.02,1.34,0.33,0.99,0.002148592
17/04/2001,1.1,0,-0.09,-0.09,0.07,0.02,0.37,-0.34,0.49,-0.002428829
18/04/2001,3.92,-1.91,-3.12,-0.39,-3.28,0.02,-5.64,2.51,-3.92,-0.002397682
19/04/2001,1.48,-0.17,-1.81,-0.7,-1.85,0.02,-3.64,-0.04,-1.63,-0.000508705
20/04/2001,-0.87,0.07,0.27,-0.29,-0.14,0.02,-0.26,1.01,0.37,-0.000459476
23/04/2001,-1.72,0.76,1.37,0.73,1.61,0.02,2.59,1.25,1.12,-9.99E-05
24/04/2001,-1.15,1.43,1.34,0.13,0.61,0.02,1.46,-0.21,1.53,-0.007864036
25/04/2001,1.68,0.44,-1.1,-0.1,-0.16,0.02,-0.36,-0.43,-0.61,-0.001510225
26/04/2001,0.45,0.39,0.42,-0.13,0.7,0.02,0.81,-0.41,1,-0.001483829
27/04/2001,1.47,-0.14,-0.73,0.16,-0.27,0.02,-0.79,0.77,-0.53,9.16E-06
30/04/2001,0.03,0.53,-0.49,-1.42,-0.4,0.02,-1.11,-0.33,0.21,0.002872675
1/5/2001,1.37,-0.18,-0.91,-0.01,-0.8,0.015,-1.18,-0.32,-0.59,0.002661886
2/5/2001,0.33,0.37,-1.3,0.06,-1.14,0.015,-2.99,-0.72,-0.23,-0.000840404
3/5/2001,-1.58,0.57,0.99,0.69,1.04,0.015,1.98,2.16,0.84,-0.002286485
4/5/2001,1.45,-0.24,0.09,-0.29,-0.3,0.015,-0.64,-0.56,-0.1,-0.003893419
7/5/2001,-0.34,0.01,0.32,0.38,0.2,0.015,0.17,0.15,0.01,0.001600046
8/5/2001,-0.09,0.66,-0.03,-0.13,-0.21,0.015,-0.17,-0.42,0.21,-0.001742543
9/5/2001,-0.49,0.23,0.67,-0.19,0.77,0.015,1.22,1.01,0.53,-0.001184247
10/5/2001,-0.1,0.27,0.65,0.22,0.39,0.015,0.41,0.02,0.62,-0.00601679
11/5/2001,-0.74,0.26,0.95,-0.16,0.43,0.015,0.87,0.52,0.45,0.004265639
14/05/2001,0.11,-0.12,0.8,0.64,0.69,0.015,1.3,0.43,0.37,0.000440074
15/05/2001,0.06,0.58,0.13,0.1,0.13,0.015,0.4,-0.21,0.17,-0.001146855
16/05/2001,2.78,-1.53,-1.17,-0.08,-0.66,0.015,-1.33,-1.08,-0.82,-0.00398841
17/05/2001,0.52,0.68,-0.46,-0.99,0.17,0.015,-1.12,-0.27,-0.08,0.002818199
18/05/2001,0.22,0.19,0,-0.72,-0.04,0.015,-0.27,-0.28,0.02,0.005336969
21/05/2001,1.87,-0.22,-1.62,-0.95,-1.01,0.015,-3.17,0.13,-0.92,-0.001330147
22/05/2001,-0.15,0.53,-0.01,0.23,-0.23,0.015,-0.78,0.43,-0.27,0.004629229
23/05/2001,-1.71,0.19,1.02,0.54,0.61,0.015,1.34,1.63,0.48,0.001786501
24/05/2001,0.41,0.35,-0.55,-0.35,-0.51,0.015,-0.27,-0.22,0.52,0.002936146
25/05/2001,-1.04,0.91,0.24,-0.24,0.55,0.015,0.43,0.66,0.67,0.000868751
29/05/2001,-1.06,0.07,1.15,0.92,1.35,0.015,2.43,1.17,0.89,0.002594579
30/05/2001,-1.74,0.24,1.61,1.03,1.12,0.015,3.04,0.78,1.26,0.00160747
31/05/2001,0.73,-0.34,0.05,-0.96,-0.42,0.015,-0.55,0.21,-0.03,-0.003102063
1/6/2001,0.54,0.48,-0.37,0.15,-0.03,0.013,-0.66,0.74,-0.37,-0.00058356
4/6/2001,0.49,0.63,-0.15,0.04,0.16,0.013,0.48,-0.59,0.05,-0.001291948
5/6/2001,1.45,0.11,-1.63,-0.42,-0.66,0.013,-1.84,0.6,-0.86,-0.000154876
6/6/2001,-0.97,0.2,-0.03,-0.02,-0.08,0.013,-0.24,0.35,0.02,0.001251162
7/6/2001,0.54,-0.12,-1.21,-0.03,-0.95,0.013,-1.44,0.36,-1.09,0.000840595
8/6/2001,-0.99,0.42,0.6,0.29,0.44,0.013,1,0.14,0.43,0.003262688
11/6/2001,-0.98,0.33,0.86,0.48,0.12,0.013,1.16,0.18,0.67,0.003455122
12/6/2001,0.02,-0.06,0.1,0.29,0.04,0.013,0.33,0.14,0.08,0.003350652
13/06/2001,-1.06,0.9,0.32,0.23,0.73,0.013,1.2,-0.11,1.06,0.001988181
14/06/2001,-1.96,0.29,0.59,1.16,0.86,0.013,1.54,0.09,0.83,0.004047492
15/06/2001,-0.46,0.14,0.54,-0.12,0.52,0.013,0.97,-0.51,0.87,-0.007268509
18/06/2001,-0.63,-0.52,1,1.27,0.51,0.013,1.82,-1.99,0.88,-0.000665864
19/06/2001,0.21,-0.6,0.11,0.5,-0.34,0.013,0.3,-0.4,0.01,-0.00470516
20/06/2001,1.07,0.11,-0.81,-0.09,-0.44,0.013,-0.35,-0.21,-0.52,-4.92E-05
21/06/2001,0.98,-0.25,-0.72,0.56,-0.72,0.013,-0.49,0.12,-0.12,0.01136325
22/06/2001,-1,-0.41,0.42,-0.57,-0.01,0.013,0.1,0.86,0.14,0.003528942
25/06/2001,-0.54,0.3,-0.42,-0.19,-0.76,0.013,-0.81,0.94,-0.36,0.006095476
26/06/2001,-0.04,1.4,-0.11,-0.24,0.13,0.013,-0.06,0.29,0.32,-0.008104186
27/06/2001,-0.22,0.93,0.14,-0.23,-0.28,0.013,-0.42,-0.02,0.09,0.00231675
28/06/2001,1.31,-0.04,-1.02,0.4,-0.74,0.013,-1.13,-0.58,-0.82,0.007218498
29/06/2001,0.35,2.51,-0.61,-1.59,-0.46,0.013,-1.02,1.51,-0.16,0.009209983
2/7/2001,0.56,-3.16,1.4,1.11,0.62,0.014,0.14,1.49,-0.12,0.033472883
3/7/2001,-0.21,-0.06,0.15,0.39,0.33,0.014,0.43,0.21,0.3,0
5/7/2001,-1.24,0.41,0.68,0.86,0.95,0.014,1.72,-0.07,1.04,0
6/7/2001,-2.29,0.5,1.11,0.13,1.05,0.014,1.55,-0.72,1.1,0.000855716
9/7/2001,0.59,-0.13,0.53,-0.17,-0.33,0.014,-0.63,-0.18,-0.45,0.000251954
10/7/2001,-1.49,-0.14,2.11,0.46,0.65,0.014,1.7,-1.35,1.4,-0.001201665
11/7/2001,-0.18,-0.5,0.5,0.6,0.66,0.014,0.53,-0.47,0.44,-0.00259537
12/7/2001,2.44,0.22,-1.26,0,-1.98,0.014,-2.32,1.13,-1.55,-0.001053856
13/07/2001,0.54,0.05,-0.45,0.44,0.01,0.014,-0.11,0.13,-0.03,0.003380799
16/07/2001,-1.16,0.08,1.17,0.96,0.71,0.014,1.64,-0.95,1.08,0.000533889
17/07/2001,1.05,0.34,-0.77,0.43,-0.29,0.014,-0.23,-0.07,-0.21,0.001064012
18/07/2001,-0.69,-0.56,0.61,1.44,0.92,0.014,2.13,0.54,1.02,0.006930166
19/07/2001,0.51,0.44,-0.6,0.36,-0.32,0.014,-1.2,-0.26,-0.24,0.005261674
20/07/2001,-0.33,0.66,-0.09,0.48,0.14,0.014,0.18,0.72,-0.18,0.000373033
23/07/2001,-1.55,0.71,0.29,0.21,0.57,0.014,0.69,0.33,0.54,0.001573329
24/07/2001,-1.7,0.1,0.09,1.36,0.46,0.014,0.37,-0.15,0.33,0.000139148
25/07/2001,1.37,-0.98,-0.07,0.09,-0.29,0.014,-0.24,-0.05,-0.51,0.001024961
26/07/2001,1.19,-0.16,-0.02,-1.46,-0.88,0.014,-0.91,0.83,-1.08,-8.54E-05
27/07/2001,0.26,-0.31,-0.04,-0.32,-0.28,0.014,-0.58,0.34,-0.64,-1.83E-05
30/07/2001,-0.12,0.08,0.26,0.51,0.15,0.014,0.69,-0.34,0.2,0.000411116
31/07/2001,0.5,-0.52,0.12,0.23,0.22,0.014,0.14,0.01,0.22,0.000281692
1/8/2001,0.48,0.32,-0.15,-0.47,-1.01,0.013,-1,0.64,-0.31,0.000180098
2/8/2001,0.33,-0.34,0.18,0.06,-0.34,0.013,-0.85,0.21,-0.43,8.07E-05
3/8/2001,-0.49,0.12,0.09,0.1,0.66,0.013,0.17,0.6,0.57,-0.000366559
6/8/2001,-1.16,-0.08,0.69,0.08,0.58,0.013,0.48,-0.13,0.35,-0.000160227
7/8/2001,0.21,-0.36,0.35,0.68,0.44,0.013,0.4,0.21,0.43,8.58E-05
8/8/2001,-1.72,0.24,0.87,0.84,1.14,0.013,1.31,-0.37,0.87,0.000223826
9/8/2001,-0.06,0.29,-0.28,0.42,0.09,0.013,0.43,-0.01,-0.19,0.000767681
10/8/2001,0.44,-0.38,0.27,0.53,0.44,0.013,0.5,-0.39,0.01,-0.001046672
13/08/2001,0.23,0.21,-0.42,-0.39,-0.19,0.013,-0.15,-0.12,0.12,0.000739415
14/08/2001,-0.3,0.68,0.37,0.23,0.68,0.013,0.94,-0.2,0.74,0.000836822
15/08/2001,-0.75,0.53,0.22,1.2,1.13,0.013,1.32,-0.8,0.75,0.00107007
16/08/2001,0.21,0.09,0.42,0.18,0.16,0.013,0.52,0.07,0.27,0.0018267
17/08/2001,-1.63,0.49,0.33,0.19,1.08,0.013,1.28,-0.63,0.88,0.001506174
20/08/2001,0.71,-0.14,-0.7,0.41,-0.04,0.013,0.33,-0.13,-0.15,-0.000359369
21/08/2001,-1.22,-0.13,0.84,0.02,1.32,0.013,1.25,-0.76,1.24,-3.84E-05
22/08/2001,0.71,0.2,-0.64,-0.1,-0.2,0.013,-0.79,0.21,-0.27,0.00070933
23/08/2001,-0.31,-0.38,-0.03,-0.03,0.19,0.013,0.38,-0.41,0.19,-0.000268812
24/08/2001,1.84,-0.35,-0.91,-0.7,-1.41,0.013,-2.8,2.28,-1.16,0.001720381
27/08/2001,-0.42,0.15,-0.34,-0.41,-0.28,0.013,-0.75,0.13,-0.03,-0.001582122
28/08/2001,-1.46,0.39,0.96,0.05,0.73,0.013,1.28,-0.5,0.79,-0.001501511
29/08/2001,-0.98,0.81,0.29,-0.04,0.54,0.013,0.92,-0.44,0.61,-0.000381313
30/08/2001,-1.6,0.41,0.65,0.44,1.21,0.013,1.65,-1.73,0.8,-0.001359054
31/08/2001,0.42,-0.22,0.27,-0.16,-0.21,0.013,-0.83,1.19,0.25,-0.000195157
4/9/2001,-0.12,-0.27,0.94,0.7,0.44,0.018,1.36,-1.24,0.97,-0.002756398
5/9/2001,-0.32,-0.63,0.48,1.13,1.03,0.018,1.06,-1.41,0.6,-0.00024297
6/9/2001,-2.13,0.24,0.73,0.3,0.95,0.018,1.55,-1.57,0.66,-0.002004784
7/9/2001,-1.83,0.12,-0.31,-0.02,0.24,0.018,-0.35,-0.32,-0.36,3.21E-05
10/9/2001,0.37,-1.29,-0.46,0.35,-0.34,0.018,-0.27,0.51,-0.88,0.00436189
17/09/2001,-5.03,-0.07,-0.88,1.02,0.97,0.018,2.74,-3.59,-0.09,0.004923324
18/09/2001,-0.82,-1.14,1.25,0.53,0.38,0.018,1.56,-1.07,0.65,-0.000260334
19/09/2001,-1.67,-0.82,-0.02,0.12,-0.45,0.018,0.63,-0.91,-0.31,0.000890654
20/09/2001,-3.05,-0.93,-0.13,-0.44,-0.13,0.018,0.74,-2.59,-0.59,-0.001296289
21/09/2001,-1.96,-0.43,-0.3,0.11,0.23,0.018,0.39,0.6,-0.31,-0.005069836
24/09/2001,3.82,0,-0.76,-0.13,-0.95,0.018,-2.08,5.35,-1.22,0.003784653
25/09/2001,0.74,-0.33,0.34,0.5,0.28,0.018,1.24,-0.29,0.15,0.005212293
26/09/2001,-0.67,-0.84,0.43,1.24,1.02,0.018,2.03,-2.82,0.2,-0.00435171
27/09/2001,1.1,-0.82,0.27,0.29,0.65,0.018,1.78,-1.47,0.62,0.001616831
28/09/2001,2.25,0.7,0.6,-0.75,-0.7,0.018,-0.5,2.34,0.34,-0.000822759
1/10/2001,-0.45,-1.18,-0.11,0.72,0.01,0.01,0.46,-1.46,-0.2,0.002889756
2/10/2001,1.17,-0.27,-0.22,-0.28,-0.31,0.01,0.33,0.35,-0.05,0.010105218
3/10/2001,2.28,0.35,-1.22,-1.13,-1.85,0.01,-1.98,5.85,-1.46,0.002860645
4/10/2001,-0.12,1.28,-0.79,-0.62,-0.8,0.01,-1.17,2.74,-0.45,0.000375748
5/10/2001,0.04,-0.26,-0.72,0.32,-0.17,0.01,-0.44,0.22,0.31,-0.003127156
8/10/2001,-0.8,0.31,0.3,-0.39,-0.16,0.01,-0.85,0.45,-0.4,-0.002431728
9/10/2001,-0.51,-0.34,0.01,0.16,0.31,0.01,0.87,-0.16,0.03,-0.000848106
10/10/2001,2.35,0.39,-0.7,-0.1,-0.88,0.01,-1.46,3.07,-0.25,-0.000333083
11/10/2001,1.73,0.31,-0.74,-1.4,-1.77,0.01,-2.77,4,-0.96,-0.001520714
12/10/2001,-0.57,0.22,-0.37,-0.63,-0.31,0.01,-0.84,-0.11,-0.49,-0.001276808
15/10/2001,-0.09,0.45,-0.18,0.21,0.22,0.01,0.55,-0.27,0.41,0.004427339
16/10/2001,0.78,0.32,-0.63,-0.12,-0.09,0.01,-0.71,0.42,-0.29,-0.000303162
17/10/2001,-2.02,0.21,0.35,1.16,0.79,0.01,0.87,1.38,0.15,0.003086318
18/10/2001,-0.73,0.15,-0.09,0.58,0.19,0.01,0.34,0.25,0.41,-0.001256085
19/10/2001,0.54,0.47,-0.7,0.18,0.26,0.01,0.26,0.15,0.35,-0.001753531
22/10/2001,1.51,-0.4,-0.64,-0.44,-0.29,0.01,-0.75,-1.21,-0.46,-0.002182436
23/10/2001,-0.51,0,-0.03,0.28,-0.24,0.01,-0.02,0.33,0.18,0.000660854
24/10/2001,0.08,0.21,-1.12,0.04,-0.37,0.01,-0.61,-0.21,-0.33,0.000348861
25/10/2001,1.42,0.3,-1.22,-0.57,-0.68,0.01,-1.34,-1,-0.66,-0.003208381
26/10/2001,0.41,0.4,0.04,0.19,0.44,0.01,-0.33,0.4,0.67,0.004406694
29/10/2001,-2.33,0.51,0.9,0.2,1.1,0.01,1.43,2.08,0.7,0.000807726
30/10/2001,-1.76,0.38,0.91,0.55,0.75,0.01,1.49,1.24,0.69,-0.001743008
31/10/2001,0.18,1.29,-0.12,-0.3,-0.57,0.01,-0.99,-0.77,-0.14,-0.000390415
1/11/2001,2.1,-0.75,-0.8,0.48,-0.22,0.008,-0.93,-0.81,-0.13,NaN
2/11/2001,0.18,-0.6,0.29,0.36,0.14,0.008,0.33,-0.26,0.03,NaN
5/11/2001,1.42,-0.66,-0.5,-0.78,-0.93,0.008,-1.23,-0.01,-0.71,0.001340571
6/11/2001,1.44,-0.48,-0.25,-0.06,-0.2,0.008,-1.32,-1.04,-0.37,-0.000665981
7/11/2001,-0.23,0.08,-0.4,0.17,-0.5,0.008,-0.64,-0.67,-0.34,0.001859579
8/11/2001,0.07,-0.31,0.65,0.16,-0.3,0.008,-0.82,0.2,-0.22,-0.002812449
9/11/2001,0.07,-0.08,-0.1,0.23,0.07,0.008,-0.18,0.09,0.13,0.001672712
12/11/2001,-0.07,0.6,-0.49,-0.28,-0.21,0.008,-0.12,0.02,-0.23,-0.001170336
13/11/2001,1.86,-0.33,-0.24,-0.79,-0.88,0.008,-1.75,-0.94,-0.78,0.001284052
14/11/2001,0.34,0.61,0.4,-0.07,-0.07,0.008,-1.17,0.06,-0.2,-0.006864877
15/11/2001,0,-0.82,1.29,-0.02,0.42,0.008,0.05,0.37,0.49,NaN
16/11/2001,-0.25,0.6,0.56,-0.75,0.1,0.008,-0.5,0.73,0.41,NaN
19/11/2001,1.15,0.16,-0.5,-0.66,-0.84,0.008,-1.32,-0.85,-0.25,NaN
20/11/2001,-0.8,0.17,0.22,1.04,1.26,0.008,1.74,2.59,0.75,NaN
21/11/2001,-0.48,0.33,-0.29,0.1,0.22,0.008,0.09,0.67,0.17,0.001616611
23/11/2001,1.17,0.08,-0.01,-0.17,-0.17,0.008,-0.73,-0.69,0.19,NaN
26/11/2001,0.72,-0.14,-0.3,-0.52,-0.6,0.008,-0.96,-1.17,-0.47,NaN
27/11/2001,-0.55,0.56,0.16,-0.86,-0.08,0.008,-0.37,0.03,0.1,0.000421026
28/11/2001,-1.78,0.35,1.05,0.7,1.24,0.008,2.1,1.75,0.89,0.002948987
29/11/2001,1.15,0.88,-0.58,-0.38,-0.37,0.008,-0.44,-0.73,0.08,-0.001077859
30/11/2001,-0.14,-0.2,0.42,-0.04,0.33,0.008,0.22,0.03,0.34,-0.001407763
3/12/2001,-0.86,0.04,0.31,0.45,0.54,0.007,1.43,1.33,0.59,-0.001677734
4/12/2001,1.44,0.55,-0.39,-0.81,-0.85,0.007,-0.89,-1.29,-0.81,0.002182593
5/12/2001,2.31,-0.02,-0.88,-0.68,-1.49,0.007,-1.43,-2.13,-0.21,0.001732834
6/12/2001,-0.12,0.64,0.53,-0.4,-0.15,0.007,-0.8,-0.43,0.23,-0.000146033
7/12/2001,-0.74,0.76,0.04,0.56,0.37,0.007,0.31,0.97,0.23,0.025407542
10/12/2001,-1.52,0.48,-0.32,0.58,0.51,0.007,0.7,0.68,0.35,0.004380351
11/12/2001,-0.2,0.3,-0.14,-0.46,-0.24,0.007,0,-0.56,0.2,-0.011488608
12/12/2001,0.04,0.16,-0.02,-0.15,-0.22,0.007,-0.05,-0.32,-0.13,0.000501103
13/12/2001,-1.51,0.34,0.44,0.68,0.94,0.007,1.06,1.69,0.54,-0.0019484
14/12/2001,0.31,0.34,0.42,0.36,0.59,0.007,0.72,-0.08,0.43,-0.005929173
17/12/2001,1.05,0.42,-0.23,-0.22,-0.37,0.007,0.2,0.19,-0.39,0.001203123
18/12/2001,0.84,0.32,-0.65,0.09,-0.22,0.007,-0.46,0.3,-0.05,-0.000904271
19/12/2001,0.43,-0.82,-0.35,0.75,0,0.007,-0.01,0.84,-0.59,0.004879979
20/12/2001,-0.93,-0.75,1.21,0.78,1.01,0.007,0.41,1.33,0.63,0.003122162
21/12/2001,0.57,1.4,-0.1,-0.39,0.05,0.007,-0.63,-0.3,0.07,0.000469596
24/12/2001,0.02,0.31,0.11,-0.02,0.03,0.007,0.11,0.08,0,0.011248431
26/12/2001,0.5,0.44,-0.21,-0.3,-0.27,0.007,-0.11,-0.15,-0.17,-0.00173309
27/12/2001,0.69,-0.04,-0.2,-0.16,-0.56,0.007,-0.77,0.63,-0.37,-0.000533224
28/12/2001,0.41,-0.23,0.06,-0.75,-0.56,0.007,-0.56,0.36,-0.1,-0.001548641
31/12/2001,-1.04,0.38,0.75,-0.38,0.6,0.007,-0.24,0.28,0.63,-0.002410838
2/1/2002,0.42,-0.71,0.24,0.03,-0.4,0.007,-0.95,1.26,-0.07,0.005294888
3/1/2002,0.99,0.81,-0.45,0.05,-0.81,0.007,-0.41,-0.33,0.32,0
4/1/2002,0.7,0.22,0.23,-0.14,-0.2,0.007,-0.29,-0.64,0.47,0
7/1/2002,-0.7,-0.24,0.73,-0.16,0.17,0.007,0.35,0.08,0.47,-0.000207731
8/1/2002,-0.23,1.26,0,-0.2,-0.03,0.007,0.36,0.21,0.71,-0.001541631
9/1/2002,-0.45,0.08,-0.1,0.27,0.08,0.007,0.07,0.07,0.4,0.000143215
10/1/2002,0.08,-0.03,0.07,0.21,-0.11,0.007,0.22,0.35,0.07,0.000850253
11/1/2002,-0.86,-0.14,0.42,-0.03,0.51,0.007,0.35,0.18,0.37,0.001872597
14/01/2002,-0.85,-0.66,0.13,0.65,0.27,0.007,0.85,0.24,-0.3,-0.004445651
15/01/2002,0.67,-0.4,0.06,0.42,0.22,0.007,0.36,-0.22,-0.1,-0.000715034
16/01/2002,-1.62,0.18,0.79,0.8,1.05,0.007,1.29,0.42,0.41,-0.00148904
17/01/2002,1.06,0.23,-0.72,0.38,-0.11,0.007,0.14,0.46,0.12,0.000611618
18/01/2002,-1.08,-0.41,0.91,0.53,0.69,0.007,0.36,-0.49,0.66,0.000119422
22/01/2002,-0.81,-0.26,0.23,0.97,1.14,0.007,1.18,-0.32,0.11,-0.004306874
23/01/2002,0.92,0.68,-0.28,-0.01,-0.58,0.007,-0.7,0.22,0.37,0.00697677
24/01/2002,0.4,-0.17,0.09,-0.7,-0.13,0.007,-0.69,-0.1,0.38,0.00091505
25/01/2002,0.09,-0.18,0.51,0.51,0.44,0.007,0.32,-0.01,0.76,0.002277733
28/01/2002,0.05,0.24,0.66,0.29,0.02,0.007,0.51,-0.79,0.66,-0.006766272
29/01/2002,-2.54,1.21,0.37,0.06,0.38,0.007,1.04,-0.52,0.94,0.001099912
30/01/2002,1.05,0.05,-0.78,1,-0.14,0.007,0.46,0.16,-0.02,NaN
31/01/2002,1.35,-0.51,0.25,0.38,0.32,0.007,0.34,0.22,0.42,NaN
1/2/2002,-0.71,0.17,-0.14,-0.03,0.17,0.007,0.18,0.23,-0.24,NaN
4/2/2002,-2.37,0.49,0.52,1.31,1.05,0.007,2.36,-2.04,1.08,-0.001312273
5/2/2002,-0.35,0.1,-0.39,1.01,0.36,0.007,1.19,-1.08,0.16,-0.001947373
6/2/2002,-0.78,-0.61,0.04,0.99,0.19,0.007,0.45,-0.55,0.12,-0.006543131
7/2/2002,-0.41,-0.73,1,-0.09,0.68,0.007,-0.11,0.24,0.25,0.00715702
8/2/2002,1.59,-0.1,0.03,-1.33,-0.66,0.007,-1.03,1.92,-0.41,0.00711503
11/2/2002,1.33,-0.38,-0.37,0.35,-0.44,0.007,-0.68,0.85,-0.14,-0.00225068
12/2/2002,-0.28,0.56,-0.44,-0.23,0.02,0.007,0.52,-0.13,-0.22,0.001606968
13/02/2002,0.99,-0.03,-0.15,0.19,-0.1,0.007,-0.13,0.24,-0.32,-0.004733987
14/02/2002,-0.24,-0.68,-0.12,0.54,0.45,0.007,0.48,-0.67,0.15,0.002805053
15/02/2002,-1.12,0.81,0.42,0.61,1,0.007,0.7,-1.24,0.66,0.000124129
19/02/2002,-1.94,0.21,0.82,1.15,0.81,0.007,0.89,-1.2,0.37,-0.007118447
20/02/2002,1.33,-0.1,0.1,0.34,-0.05,0.007,-0.03,0.13,0.39,-0.006340482
21/02/2002,-1.52,-0.29,0.99,0.28,1.22,0.007,1.26,-1.21,0.79,0.004215047
22/02/2002,0.75,0.34,0.29,0.19,0.56,0.007,0,-0.42,0.68,0.001716239
25/02/2002,1.66,-1.1,0.24,0.34,-0.77,0.007,-0.78,0.59,-0.39,-0.002628162
26/02/2002,0.11,0.36,0.19,-0.25,0.02,0.007,0.12,0.17,-0.03,0.00445251
27/02/2002,0.08,0.18,0.51,0.36,0.46,0.007,0.07,0.06,0.35,0.003685201
28/02/2002,-0.31,-0.2,0.48,0.52,0.27,0.007,0.18,-0.82,0.42,0.001813255
1/3/2002,2.22,-0.57,-0.43,-0.21,-0.92,0.007,-0.79,1.79,-0.55,0.004490944
4/3/2002,1.98,-0.27,-0.36,-0.69,-1.09,0.007,-1.36,1.49,-1.16,-0.002345345
5/3/2002,-0.54,0.55,-0.1,-0.64,-0.27,0.007,-1.04,0.74,0.02,-0.000615357
6/3/2002,1.39,0,0.41,-0.53,0.05,0.007,-0.99,0.09,0.15,-0.000769594
7/3/2002,-0.42,0.64,0.26,0.27,-0.06,0.007,-0.07,0.2,0.1,-0.002987762
8/3/2002,0.72,0.35,-0.52,-0.57,-0.58,0.007,-0.76,0.58,-0.31,0.000799258
11/3/2002,0.29,0.12,0.05,-0.38,-0.18,0.007,-0.64,-0.11,0.03,0.004834874
12/3/2002,-0.28,0.25,-0.15,0.93,0.75,0.007,0.82,0.56,0.59,0.003842359
13/03/2002,-0.91,0.39,0.18,0.33,0.62,0.007,0.88,0.5,0.58,0.00290114
14/03/2002,-0.05,0.45,0.02,-0.01,0.32,0.007,0.3,0.27,0.28,0.001279979
15/03/2002,1.06,-0.92,0.11,0.13,0.01,0.007,0.43,0.03,0.01,0.005628445
18/03/2002,0.09,0.59,0.1,-0.5,-0.13,0.007,-0.13,-0.46,-0.02,0.002152155
19/03/2002,0.34,0.06,-0.08,0.53,0.33,0.007,0.4,-0.42,0.58,-0.004073766
20/03/2002,-1.5,0.56,0.7,0.38,0.85,0.007,0.98,0.33,0.67,-0.000420147
21/03/2002,0.31,0.91,-0.26,-1.14,-0.33,0.007,-0.33,0.56,0.12,0.004738192
22/03/2002,-0.42,-0.1,0.25,0.16,0.35,0.007,0.52,0.59,0.15,-0.001299406
25/03/2002,-1.45,0.49,0.17,0.48,0.51,0.007,0.51,0.62,0.58,-0.000394766
26/03/2002,0.6,0.43,-0.13,0.99,0.38,0.007,0.57,0.09,0.45,0.00092831
27/03/2002,0.55,0.15,0.55,0.01,0.26,0.007,0.23,-0.25,0.28,0.004471076
28/03/2002,0.29,-0.06,0.27,-0.6,-0.35,0.007,-0.42,-0.11,0.05,-0.001930441
1/4/2002,-0.12,-0.15,-0.29,-0.23,-0.32,0.007,-0.32,-0.56,-0.05,0.001035013
2/4/2002,-0.92,0.34,0.2,0.94,0.84,0.007,0.31,0.5,0.41,0.003966654
3/4/2002,-0.98,0.35,0.41,0.22,0.18,0.007,0.43,0.27,-0.01,-0.000594994
4/4/2002,0.12,0.1,0.41,0.47,0.22,0.007,0.62,0.16,0.21,-0.004711442
5/4/2002,-0.26,0.03,0.73,0.41,0.47,0.007,0.79,-0.51,0.41,-2.06E-05
8/4/2002,0.35,0.52,0.17,0.06,0.15,0.007,0.58,-0.5,0.27,-0.000426674
9/4/2002,-0.6,0.62,0.63,0.55,0.99,0.007,0.36,-1.1,0.68,-0.003886612
10/4/2002,1.15,0.47,-0.1,0.56,0.24,0.007,0.46,-0.31,0.5,-0.004653932
11/4/2002,-2.22,0.9,0.7,0.19,1.07,0.007,1.24,-1.52,1.16,-0.004635827
12/4/2002,0.84,1.11,0.12,-0.69,-0.38,0.007,0.02,0.87,0.02,-0.002890276
15/04/2002,-0.67,0.42,-0.2,-0.19,-0.19,0.007,0.01,0.43,-0.05,0.00419106
16/04/2002,2.26,-0.35,0.52,-0.64,-0.95,0.007,-1.6,1.56,-0.31,-0.005077716
17/04/2002,-0.24,-0.35,0.34,-0.35,0.03,0.007,-0.86,-0.35,0.41,0.001456899
18/04/2002,-0.14,0.33,-0.57,0.04,0.25,0.007,0.38,0.32,-0.23,0.001782787
19/04/2002,0.07,-0.18,0.39,0.47,0.35,0.007,0.52,-0.67,0.49,-0.002929471
22/04/2002,-1.5,0.54,-0.33,0.52,0.34,0.007,1.22,-0.94,0.54,0.003002643
23/04/2002,-0.52,0.38,0.6,0.39,0.29,0.007,0.84,-0.64,0.44,-0.003574889
24/04/2002,-0.66,0.06,0.41,0.07,0.38,0.007,0.97,-0.54,0.42,-0.003476261
25/04/2002,-0.11,0.14,-0.02,0.56,0.32,0.007,0.63,-0.54,0.57,0.001021284
26/04/2002,-1.41,0.02,0.45,0.77,0.91,0.007,1.12,-1.01,0.56,-0.001034407
29/04/2002,-0.88,0.68,-0.48,0.71,0.21,0.007,0.7,-0.59,0.06,-0.001911429
30/04/2002,1.2,0.6,0.15,-0.61,0.02,0.007,0.06,0.15,0.2,-0.008457832
1/5/2002,0.74,-0.85,0.69,0.42,0.28,0.007,0.08,-0.18,0.11,0.000946197
2/5/2002,-0.21,0.64,0.39,0.92,0.94,0.007,1.32,-1.02,0.83,0.001180883
3/5/2002,-0.96,0.75,0.8,-0.23,0.89,0.007,0.73,-1.15,0.72,-0.007345827
6/5/2002,-1.84,0.05,1.16,0.63,0.73,0.007,1.58,-1.56,0.76,-0.000625411
7/5/2002,-0.36,-0.56,0.72,0.52,0.42,0.007,0.66,-0.52,0.51,-0.002174692
8/5/2002,3.57,-1.36,-2.22,-0.96,-2.64,0.007,-4.53,4.69,-2.68,0.004549535
9/5/2002,-1.43,-0.17,0.77,0.48,0.71,0.007,1.56,-0.69,0.97,0.000211402
10/5/2002,-1.64,0.03,0.55,0.29,0.79,0.007,1.07,-0.9,0.86,0.000889187
13/05/2002,1.75,-0.56,-0.93,0.16,-0.9,0.007,-1.51,1.04,-0.89,-0.001958153
14/05/2002,2.2,0.21,-1.16,-0.35,-1.43,0.007,-1.61,2.09,-1.13,0.000158977
15/05/2002,-0.4,0.5,0.51,-0.24,-0.04,0.007,0.58,-0.06,-0.09,-0.006098662
16/05/2002,0.35,-1.02,-0.76,0.86,-0.23,0.007,-0.4,0.42,0.06,0.001141215
17/05/2002,0.69,-0.34,-0.42,0.12,-0.16,0.007,-0.34,0.74,-0.63,0.002556938
20/05/2002,-1.28,0.05,1.14,-0.28,0.43,0.007,0.5,-0.1,0.56,-0.001928394
21/05/2002,-1.16,-0.32,0.63,0.03,0.39,0.007,0.72,-0.33,0.65,0.002564467
22/05/2002,0.37,-0.79,0.16,0.3,0.1,0.007,0.11,0.17,0,-0.001407792
23/05/2002,1.05,0.07,-0.2,-0.26,-0.07,0.007,-0.56,0.73,-0.16,-0.004073459
24/05/2002,-1.17,-0.2,0.67,0.03,0.49,0.007,0.94,-0.04,0.43,-0.002032417
28/05/2002,-0.75,0.55,-0.3,-0.36,-0.12,0.007,0.03,0.27,-0.03,6.41E-05
29/05/2002,-0.67,-0.16,0.2,0.39,0.76,0.007,1.39,-0.22,0.63,0.003674689
30/05/2002,-0.24,0.16,-0.18,-0.27,0.47,0.007,0.43,0,0.13,-0.002725861
31/05/2002,0.19,-0.06,0.21,0.5,0.57,0.007,0.6,0.07,0.62,0.00300504
3/6/2002,-2.43,-0.42,1.25,0.2,0.92,0.006,1.68,-0.88,0.84,-0.004795324
4/6/2002,-0.11,-0.1,-0.7,-0.03,-0.71,0.006,-1.14,0.72,-0.46,-0.005739445
5/6/2002,0.83,-0.41,-0.3,0.76,0.22,0.006,0.79,0.01,0.18,0.000196234
6/6/2002,-1.91,-0.11,0.92,0.24,0.42,0.006,1.69,-0.33,0.28,-0.002214208
7/6/2002,0.08,0.81,0,0.09,0.43,0.006,0.26,-0.02,-0.03,0.000184032
10/6/2002,0.21,-0.39,-0.17,0.4,0.01,0.006,0.47,-0.35,-0.11,-0.002959142
11/6/2002,-1.7,0.55,0.69,0.45,0.61,0.006,1.92,-1.75,0.83,-0.003932086
12/6/2002,0.54,-0.47,-1,0.87,-0.38,0.006,-0.01,-0.49,-0.33,0.004490723
13/06/2002,-1.1,-0.31,0.52,-0.33,0.4,0.006,0,0.35,0.21,0.008693082
14/06/2002,-0.07,0.62,-0.84,-0.13,-0.2,0.006,-0.21,0.79,-0.19,-0.002511115
17/06/2002,2.77,-0.28,-1.08,0.14,-0.59,0.006,-0.95,2.04,-0.68,-0.003890229
18/06/2002,0.05,-0.26,0.73,0.02,0.19,0.006,0.47,-0.27,-0.03,-0.002862548
19/06/2002,-1.63,0.01,0.67,0.6,1.05,0.006,2.11,-1.73,0.68,-0.003562303
20/06/2002,-1.37,1.05,0.14,0.65,0.92,0.006,1.33,-1.8,1.24,-0.01093295
21/06/2002,-1.53,1.57,1.45,-0.55,0.76,0.006,0.93,-0.57,1.27,-0.004410954
24/06/2002,0.18,-0.28,-0.45,0.25,-0.73,0.006,-1.13,1.05,-0.76,0.006057156
25/06/2002,-1.69,0.52,0.22,0.2,0.18,0.006,-0.09,-0.73,-0.03,-8.59E-05
26/06/2002,-0.27,0.71,-0.89,1.18,0.07,0.006,0.39,-0.58,-0.35,0.005953767
27/06/2002,1.68,0.11,-1.23,0.09,-0.55,0.006,-0.87,0.37,-0.12,0.009416173
28/06/2002,0.12,0.61,1.66,-1.46,-0.37,0.006,-0.18,1.09,0.53,-0.001367571
1/7/2002,-2.32,-0.55,0.93,1.76,0.34,0.007,2.18,-1.27,1.4,-0.00875453
2/7/2002,-2.27,-0.97,-0.03,1.46,0.19,0.007,1.22,-1.14,0.16,0
3/7/2002,0.41,-1.34,-0.4,-0.83,0.13,0.007,-0.87,1.62,-0.73,0
5/7/2002,3.55,-0.91,-1.13,-0.92,0.28,0.007,-2.11,2.92,-1.2,0.003539186
8/7/2002,-1.21,-0.15,0.54,1.09,-0.18,0.007,1.87,-0.86,0.77,-0.000821738
9/7/2002,-2.36,1.41,0.98,-0.07,0.42,0.007,1.19,-1.42,0.95,-0.001994682
10/7/2002,-3.03,1.08,0.15,0.23,0,0.007,1.17,-0.88,0.82,0.001444079
11/7/2002,0.56,-1.38,-0.55,-1.13,0.44,0.007,-2.63,1.87,-1.89,0.003061069
12/7/2002,-0.55,-0.02,-1.09,-0.8,-0.35,0.007,-1.05,1.2,-0.89,-4.44E-05
15/07/2002,-0.45,-0.76,-0.28,-0.58,0.67,0.007,-1.21,0.59,-0.75,0.009130496
16/07/2002,-1.5,1.2,-0.62,-1.04,-0.41,0.007,-0.63,0.99,-0.05,6.86E-05
17/07/2002,0.63,0.02,-0.51,-0.46,-0.13,0.007,-0.68,0.61,-0.37,-0.004195367
18/07/2002,-2.7,-0.3,0.89,0.19,0.46,0.007,1.01,-0.26,0.33,-0.005653532
19/07/2002,-3.38,1.04,0.29,-0.32,-0.54,0.007,-0.27,-0.41,-0.69,-0.001333086
22/07/2002,-3.18,1.52,0.2,-0.17,-0.07,0.007,1.07,0.93,0.9,0.003025969
23/07/2002,-2.86,-0.75,-1.94,2.39,-0.05,0.007,3.13,0.45,0.09,-0.000710367
24/07/2002,5.43,-1.94,-1.62,1.08,-0.39,0.007,0.47,1.82,-0.7,-0.00316786
25/07/2002,-0.52,0.34,0.53,2.76,-0.53,0.007,2.93,-0.08,0.56,-0.011628242
26/07/2002,1.49,-0.59,0.14,0.48,-0.8,0.007,-0.71,1.76,-1.4,0.003123891
29/07/2002,5.39,-0.92,-0.86,-1.13,-0.24,0.007,-1.52,2.14,-0.54,0.01098902
30/07/2002,0.42,-0.62,0.43,-1.24,-0.29,0.007,-1.42,1.39,-1.35,-0.002026706
31/07/2002,0.65,-2.59,-0.1,1.09,0.29,0.007,0.49,0.59,0.06,-0.001740477
1/8/2002,-2.68,1.83,1,0.66,-0.34,0.006,1.73,-0.13,1.04,0.003938751
2/8/2002,-2.36,-0.6,-0.25,0.61,0.06,0.006,0.84,-0.78,-0.1,0.002270286
5/8/2002,-3.34,1.03,0.83,1.28,-0.11,0.006,2.29,-1.36,0.29,-0.002328358
6/8/2002,3.03,0.19,-0.63,-0.94,0,0.006,-1.42,1.81,-0.71,0.001985253
7/8/2002,1.81,-1.21,-0.44,0.05,-0.09,0.006,-0.41,-0.36,-0.11,-0.005462975
8/8/2002,3.05,-1.55,-0.78,-0.37,0.13,0.006,-1.06,-0.2,-0.42,0.002256677
9/8/2002,0.3,-0.63,0.06,0.55,-0.54,0.006,0.44,0.21,0.08,0.004658201
12/8/2002,-0.43,0.37,0.22,0.14,-0.47,0.006,0.1,-0.43,-0.22,-0.001191564
13/08/2002,-2.15,-0.28,0.55,0.65,-0.11,0.006,1.44,0.29,0.56,0.000741093
14/08/2002,3.76,-0.95,-1.23,-0.12,0.42,0.006,-1.44,1.25,-1.19,0.003814795
15/08/2002,1.17,-0.99,0.11,0.08,-0.54,0.006,-0.1,0.83,-0.56,0.009967733
16/08/2002,0.06,1.22,-0.3,-1.02,0.43,0.006,-0.71,2.16,0.36,-0.004403006
19/08/2002,2.17,-0.84,-0.16,-0.28,0.33,0.006,-1.56,1.68,-1.01,-0.000379248
20/08/2002,-1.3,0.54,0.84,-0.28,-0.33,0.006,0.36,0.12,-0.34,-0.001798952
21/08/2002,1.36,0.59,0.56,-1.52,0.29,0.006,-2.19,1.01,-0.04,0.000603762
22/08/2002,1.32,-0.49,-0.19,-0.36,-0.21,0.006,-1.65,0.33,0.09,0.011483637
23/08/2002,-2.25,0.25,0.14,0.94,-0.52,0.006,1.12,0.67,0.12,-0.00337621
26/08/2002,0.83,0.75,0.37,-0.33,0.69,0.006,-0.39,0.33,0.49,0.001750038
27/08/2002,-1.55,-0.94,1.02,0.88,-0.1,0.006,1.19,0.35,0.59,0.002541964
28/08/2002,-1.79,-0.18,0.3,0.83,-0.41,0.006,1,0.02,-0.47,0.003373856
29/08/2002,0.21,0.82,-0.74,-1,-0.01,0.006,-0.61,-0.25,-0.49,-0.006277538
30/08/2002,-0.28,-0.3,0.71,0.76,-0.08,0.006,1.45,0.47,0.9,-0.000226709
3/9/2002,-3.95,1.17,0.77,0.63,-0.14,0.007,1.94,0.61,0.68,-0.005581565
4/9/2002,1.83,0.64,-0.41,-0.34,0.31,0.007,-1,-0.24,-0.18,-0.00023401
5/9/2002,-1.62,-0.49,0.21,0.95,-0.36,0.007,1.71,-0.22,-0.11,-0.001879105
6/9/2002,1.82,0.59,-0.19,-0.99,0.15,0.007,-1.24,0.27,0.2,-0.003015478
9/9/2002,0.92,-0.68,-0.41,0.33,-0.49,0.007,0.12,-0.02,-0.29,-0.001372995
10/9/2002,0.66,-0.13,-0.59,-0.5,0.33,0.007,-0.88,-0.03,0.11,-0.002784825
11/9/2002,-0.03,-0.16,0.27,-0.38,0.24,0.007,-0.45,-0.2,0.16,-0.007484818
12/9/2002,-2.37,0.87,0.39,0.28,-0.2,0.007,1.1,-0.04,0.34,-0.001356731
13/09/2002,0.38,0.46,0.07,0.14,-0.15,0.007,0.74,-0.23,-0.45,-0.009293406
16/09/2002,0.02,-0.8,-0.15,1.22,-0.47,0.007,1.16,0,-0.2,0.006856726
17/09/2002,-1.91,0.3,0.3,-0.11,-0.21,0.007,0.55,-0.28,-0.21,-0.010726033
18/09/2002,-0.45,-0.39,0.53,0.24,-0.57,0.007,0.35,-0.45,-0.41,-0.004332302
19/09/2002,-2.96,0.21,0.66,0.63,-0.12,0.007,0.95,-0.65,-0.09,-0.003622244
20/09/2002,0.19,0.03,0.03,-0.1,0.4,0.007,0.33,-0.23,0.5,-0.001956339
23/09/2002,-1.48,-0.81,0.19,1.15,-0.42,0.007,0.94,-0.83,-0.71,-0.003115499
24/09/2002,-1.54,0.95,-0.97,-0.19,-0.17,0.007,-0.27,-0.34,-0.85,-0.002224648
25/09/2002,2.44,-0.15,-1.17,-0.71,0.18,0.007,-0.87,1.96,-0.3,0.002822696
26/09/2002,1.74,-0.46,1.14,0.83,-0.07,0.007,0.99,-0.56,-0.53,0.009097414
27/09/2002,-2.98,0.72,0.6,-0.45,-0.27,0.007,1.36,-1.28,0.1,-0.00645201
30/09/2002,-1.28,1.46,0.04,0.79,-0.47,0.007,0.17,-0.08,-0.07,-0.005187123
1/10/2002,3.56,-2.23,-0.44,-0.02,0.67,0.006,-0.55,1.4,-0.09,0.007086923
2/10/2002,-2.31,0.61,0.21,0.6,-0.25,0.006,1.17,-1.49,-0.31,-0.000604422
3/10/2002,-1.14,0.39,0.09,0.47,0.43,0.006,0.07,-1.35,0.48,-0.002666851
4/10/2002,-2.25,0.03,-0.12,0.54,-0.08,0.006,0.87,-1.26,-0.04,-0.007673976
7/10/2002,-2,-0.6,-0.29,0.53,0.06,0.006,-0.32,-1.68,-1.06,0.002529332
8/10/2002,1.54,-0.7,-2.07,1.8,-1.26,0.006,1.14,0.65,-0.75,-0.008123307
9/10/2002,-2.77,-0.44,-1.34,0.25,-0.14,0.006,-0.02,-1.46,-0.96,-0.015267811
10/10/2002,3.41,-1.63,0.29,-1.47,0.52,0.006,-1.33,2.99,-0.38,-0.007781026
11/10/2002,3.74,-1.47,-0.59,-0.55,0.34,0.006,-1.52,3.5,-0.49,0.007524511
14/10/2002,0.77,0.07,-1.51,0.51,-0.44,0.006,-0.03,-0.15,-0.3,-0.006531219
15/10/2002,4.57,-0.97,-0.24,-1.39,0.16,0.006,-2.31,3.17,0.07,0.007450963
16/10/2002,-2.42,0.25,0.07,0.83,-0.97,0.006,1.92,-1.46,-0.36,-0.004782261
17/10/2002,2.4,0.79,-0.62,-0.85,0.51,0.006,-2,1.24,0.19,0.003979037
18/10/2002,0.49,-0.23,-0.37,0.09,-0.23,0.006,-0.08,0.43,-0.07,-0.001745646
21/10/2002,1.65,-0.6,0.5,-0.84,0.71,0.006,-0.73,1.39,0.32,0.000445576
22/10/2002,-1.11,-0.41,0.5,-0.21,-0.04,0.006,-0.46,1.05,-0.15,0.001883478
23/10/2002,0.76,0.84,0.15,-1.08,0.44,0.006,-0.58,0.77,0.76,0.006615654
24/10/2002,-1.44,0.7,0.64,-0.88,0.21,0.006,-0.81,0.87,0.37,-0.008338932
25/10/2002,1.69,-0.04,-0.6,-0.57,0.21,0.006,-1.11,0.16,-0.34,-0.001895083
28/10/2002,-0.83,-0.04,-0.02,-0.22,0.24,0.006,-1.27,0.09,0.18,-0.00078194
29/10/2002,-0.87,0.93,-0.06,0.83,-0.55,0.006,1.31,0.9,-0.12,-0.009602145
30/10/2002,1.03,0.34,-0.51,-0.83,0.56,0.006,-1.28,-0.42,0.54,0.008948413
31/10/2002,-0.41,0.35,0.26,-0.6,-0.12,0.006,-0.89,-0.08,0.24,-0.00080602
1/10/2007,1.37,0.81,0.05,-0.13,0.24,0.014,0.05,0.02,-0.22,0.002367047
2/10/2007,0.11,0.69,0.08,-0.02,-0.21,0.014,-0.68,0.57,-0.03,0.00204424
3/10/2007,-0.48,-0.17,-0.18,0.21,0.07,0.014,-0.93,0.53,0.06,0.003223234
4/10/2007,0.18,0.01,0.17,-0.12,0.04,0.014,0.41,-0.28,-0.12,-0.004569387
5/10/2007,1.1,0.66,-0.07,-0.16,-0.16,0.014,-0.13,0.21,-0.34,-3.00E-05
8/10/2007,-0.27,-0.21,-0.29,-0.26,-0.11,0.014,0.57,0,-0.05,-0.000715774
9/10/2007,0.78,-0.21,-0.11,0.04,-0.08,0.014,0.72,-0.54,-0.51,-0.002055183
10/10/2007,-0.13,0,-0.43,0.06,-0.42,0.014,0.6,-0.15,-0.19,-0.000714952
11/10/2007,-0.58,-0.63,0.65,-0.07,-0.08,0.014,-0.66,0.55,0.43,0.003871793
12/10/2007,0.51,0.08,-0.3,-0.41,-0.17,0.014,0.89,-0.71,-0.4,-0.000720562
15/10/2007,-0.89,-0.39,-0.14,0.16,0.02,0.014,0.74,0.18,-0.15,0.000109922
16/10/2007,-0.67,-0.07,-0.16,0.01,0.19,0.014,1.01,-0.28,0.02,0.000554388
17/10/2007,0.22,-0.16,-0.24,-0.47,-0.06,0.014,0.6,-0.74,-0.21,0.001417327
18/10/2007,-0.1,0.05,-0.31,-0.02,-0.17,0.014,0.93,-1.13,-0.35,-0.010218487
19/10/2007,-2.45,-0.51,0.04,-0.21,0.12,0.014,-0.33,0.16,0.6,0.001621707
22/10/2007,0.47,0.86,-0.04,0.13,0.23,0.014,-0.69,0.41,0.16,0.00170566
23/10/2007,0.85,0.03,-0.53,-0.15,-0.4,0.014,1.33,-0.98,-0.51,-0.004163266
24/10/2007,-0.33,-0.49,-0.04,0.5,0.17,0.014,0.41,0.05,-0.16,-0.00289902
25/10/2007,-0.19,-0.37,-0.04,0.67,0.46,0.014,0.4,-0.98,-0.15,0.00114624
26/10/2007,1.38,0.32,0.27,-0.13,0.21,0.014,-0.13,0.09,0.01,0.004150558
29/10/2007,0.4,-0.31,-0.45,0.13,-0.42,0.014,0.44,-0.11,-0.08,-0.003516617
30/10/2007,-0.64,0,0.01,-0.37,0.48,0.014,-0.65,0.07,0.61,-0.003757672
31/10/2007,1.23,0.03,0.03,0,-0.05,0.014,0.67,-0.5,-0.46,-0.002944949
1/11/2007,-2.66,-1.02,-0.28,-0.4,0.08,0.016,0.59,-1.08,-0.04,-0.010074267
2/11/2007,0.08,0.16,-0.67,0.08,-0.04,0.016,1.08,-0.93,-0.72,-0.005457637
5/11/2007,-0.59,-0.36,0.04,-0.23,0.1,0.016,0.28,-1.08,0.24,-0.005458191
6/11/2007,1.19,0.1,-0.23,0.49,-0.43,0.016,0.8,-0.32,-0.63,7.10E-05
7/11/2007,-2.77,-0.16,-0.21,0.07,-0.12,0.016,0.34,-1.45,0.24,-0.010335773
8/11/2007,-0.05,0.65,1.24,0.17,0.55,0.016,-0.81,0.43,0.12,0.001845523
9/11/2007,-1.46,0.36,0.85,0.2,0.07,0.016,-1.43,1.05,0.55,0.001196187
12/11/2007,-1.08,0.43,0.07,0.51,0.8,0.016,-2.16,0.86,1.92,0.001337015
13/11/2007,2.81,-0.42,-0.26,0.23,-0.71,0.016,-0.9,1.79,-0.36,0.010739882
14/11/2007,-0.63,-0.25,-0.24,-0.01,-0.29,0.016,0.67,-0.08,-0.52,-0.004413294
15/11/2007,-1.25,-0.11,0.16,-0.38,0.15,0.016,0.7,-0.94,0.39,-0.01087365
16/11/2007,0.41,-0.69,-0.48,0.01,-0.46,0.016,1.08,-0.42,-0.27,-0.011527287
19/11/2007,-1.81,-0.4,-0.26,0.36,0.32,0.016,0.96,-1.42,-0.1,-0.009187943
20/11/2007,0.31,-0.53,0.02,0.66,-0.28,0.016,1.62,-1.2,-0.65,-0.008086492
21/11/2007,-1.54,0.36,0.03,0.11,0.11,0.016,-0.06,-0.03,0.06,0.003371496
23/11/2007,1.59,0.27,-0.03,0.2,-0.06,0.016,-0.8,1.03,-0.28,0.006306022
26/11/2007,-2.09,-0.18,-0.45,-0.18,-0.43,0.016,1.05,-0.79,-0.48,-0.009506774
27/11/2007,1.31,-0.6,-0.42,-0.13,0.22,0.016,-0.08,0.35,0.39,0.004012562
28/11/2007,2.9,0.38,-0.5,0.01,-0.03,0.016,-0.77,2.23,-0.31,0.004874536
29/11/2007,0.01,-0.52,-0.25,-0.27,-0.18,0.016,0.64,0.18,-0.29,-0.001950531
30/11/2007,0.7,-0.48,0.73,0,0.26,0.016,-1.43,1.23,0.01,0.010975528
3/12/2007,-0.6,-0.5,0.31,-0.17,-0.27,0.014,0.74,-0.73,-0.58,-0.005233751
4/12/2007,-0.61,-0.17,-0.04,0.08,0.04,0.014,0.8,-0.45,0.19,-0.000835337
5/12/2007,1.47,0.06,-0.27,0.1,-0.03,0.014,0.39,0.79,0.14,0.006411992
6/12/2007,1.55,0.97,0.21,0.01,0.03,0.014,-0.9,0.61,-0.44,0.000718905
7/12/2007,-0.07,-0.01,0.04,0.14,-0.09,0.014,-0.01,0.56,-0.39,-0.002236887
10/12/2007,0.71,-0.09,0.09,0.56,-0.18,0.014,-0.91,-0.19,-0.15,0.006158794
11/12/2007,-2.5,-0.38,0.17,-0.22,-0.29,0.014,1.63,0.91,0.61,-0.011046995
12/12/2007,0.48,0.08,-0.1,0.19,-0.3,0.014,1.55,-0.67,-0.73,-0.005269386
13/12/2007,0.06,-0.37,-0.16,-0.03,0.64,0.014,0.77,-0.49,0.31,-0.004389061
14/12/2007,-1.36,-0.52,-0.17,-0.11,-0.09,0.014,0.74,-0.11,-0.11,-0.005694993
17/12/2007,-1.59,-0.22,0.34,0.54,0.48,0.014,-0.79,0.71,0.64,0.006089205
18/12/2007,0.65,1.1,-0.05,0.23,0.22,0.014,-0.02,-0.1,0.03,-0.000311493
19/12/2007,-0.1,0.29,-0.4,0.16,-0.18,0.014,0.89,-0.07,-0.6,0.002297624
20/12/2007,0.64,0.75,-0.43,-0.27,-0.1,0.014,0.81,-0.55,-0.36,0.000696882
21/12/2007,1.64,0.41,-0.06,0.04,-0.2,0.014,-0.28,-0.16,-0.24,0.000510217
24/12/2007,0.8,0.14,0.14,0.1,-0.07,0.014,-0.25,0.1,-0.25,0.003373418
26/12/2007,0.1,0.23,-0.08,-0.3,-0.26,0.014,0.8,-0.53,-0.35,-0.005002929
27/12/2007,-1.49,-1.22,0.22,-0.25,-0.2,0.014,0.47,0.57,0.28,-0.006008865
28/12/2007,0.12,-0.36,-0.09,0.05,-0.3,0.014,0.83,-0.49,-0.27,-0.003746707
31/12/2007,-0.65,0.05,0.29,-0.26,0.1,0.014,-0.79,0.78,0.01,0.003598934
2/1/2008,-1.46,-0.11,-0.02,0.13,-0.33,0.01,0.9,-0.68,-0.52,0.000622613
3/1/2008,-0.14,-1.06,-0.36,-0.14,-0.31,0.01,1.61,-0.96,-0.41,0
4/1/2008,-2.56,-0.52,0.32,-0.03,0.11,0.01,0.57,-0.42,0.46,0
7/1/2008,0.16,0.08,0.22,0.25,1.04,0.01,-0.52,0.04,0.95,-0.00285962
8/1/2008,-1.81,-0.6,-0.67,0.06,-0.05,0.01,1.03,-1.44,0.09,0.000111992
9/1/2008,1.1,-0.42,-0.52,0.65,0.11,0.01,0.27,-0.1,-0.06,-0.001387169
10/1/2008,0.89,-0.01,0.4,-0.58,-0.01,0.01,-1.39,1.65,0.18,-0.000743577
11/1/2008,-1.42,-0.71,0.21,-0.02,-0.07,0.01,-0.87,-0.32,0.16,0.002626549
14/01/2008,1.02,-0.02,-0.19,0.23,-0.21,0.01,0.29,0.78,-0.56,0.001451674
15/01/2008,-2.39,0.37,0.09,-0.2,0.54,0.01,0.35,-1.11,0.73,-0.004249304
16/01/2008,-0.51,0.89,0.96,-0.35,0.49,0.01,-2.96,-0.15,1.27,-0.001464938
17/01/2008,-2.8,0.21,-0.07,-0.48,0.26,0.01,0.29,-0.46,1.28,-0.002681969
18/01/2008,-0.56,-0.36,-0.83,0.78,-0.51,0.01,0.83,0.88,-0.58,0.003737806
22/01/2008,-0.98,0.57,0.8,0.42,-0.21,0.01,-2.87,1.54,0.12,-0.002393202
23/01/2008,2.04,0.98,1.45,1.02,1.17,0.01,-4.24,0.41,0.87,0.002843753
24/01/2008,1.02,-0.98,-0.8,0.34,-0.22,0.01,0.25,2.96,-1.02,0.004436962
25/01/2008,-1.39,0.87,0.29,-0.2,-0.04,0.01,0.72,0.54,-0.3,-0.000257566
28/01/2008,1.71,0.2,0.77,0.07,0.33,0.01,-1.68,-0.03,0.09,0.003076841
29/01/2008,0.69,-0.27,0.91,-0.2,0.04,0.01,-1.39,0.34,-0.4,NaN
30/01/2008,-0.59,-0.4,-0.03,0.27,0.07,0.01,0.15,0.16,-0.04,NaN
31/01/2008,1.66,0.87,0.34,0.47,0.11,0.01,-1.69,-0.3,-0.26,NaN
1/2/2008,1.48,0.69,0.04,-0.72,-0.44,0.007,-1.08,1.02,-1.08,3.44E-05
4/2/2008,-0.99,0.03,0.14,-0.62,-0.11,0.007,1.79,1.83,0.02,0.002441727
5/2/2008,-3.01,0.34,0.09,0.09,0.3,0.007,0.56,-0.03,0.81,-0.0022356
6/2/2008,-0.85,-0.39,0.59,-0.23,0.36,0.007,0.16,0.09,0.69,-0.001074667
7/2/2008,0.82,0.44,0.01,0.5,-0.32,0.007,-0.58,-0.93,-0.34,-0.000296883
8/2/2008,-0.3,-0.16,-0.23,-0.16,-0.24,0.007,1.73,1.1,-0.95,-0.000843341
11/2/2008,0.58,-0.29,-0.44,0.23,-0.25,0.007,0.99,-0.05,-0.82,-0.000188958
12/2/2008,0.61,-0.12,-0.04,-0.13,0.46,0.007,-0.02,0.58,0.68,-0.000454386
13/02/2008,1.46,0.74,-0.02,-0.19,-0.4,0.007,0.47,0.36,-0.4,-0.002175964
14/02/2008,-1.35,-0.82,0.4,-0.16,-0.03,0.007,0.63,0.8,-0.17,0.001580716
15/02/2008,-0.02,-0.75,0.35,-0.09,0.19,0.007,-0.23,0.18,0.4,0.000263875
19/02/2008,-0.06,0.21,-0.28,0.56,-0.3,0.007,0.95,-0.48,-0.82,-0.001849932
20/02/2008,0.83,0.28,-0.14,1.06,0.16,0.007,-0.8,-0.99,-0.29,-0.002905177
21/02/2008,-1.28,-0.39,-0.27,-0.13,0.05,0.007,0.54,0.61,0.31,-0.000402546
22/02/2008,0.61,-0.81,0.56,0.13,-0.07,0.007,-0.52,-0.06,-0.05,0.000316217
25/02/2008,1.46,0.49,-0.08,0.23,-0.1,0.007,0.08,-0.67,-0.35,-0.005121648
26/02/2008,0.72,0.44,-0.05,0.3,0.2,0.007,-0.44,-0.08,0.14,0.001828018
27/02/2008,-0.11,-0.02,-0.5,-0.01,-0.12,0.007,-0.07,0.53,0.07,0.004150302
28/02/2008,-0.93,-0.46,-0.14,0.19,-0.59,0.007,2.43,-1.04,-0.65,0.003301093
29/02/2008,-2.64,-0.02,-0.03,-0.32,0.14,0.007,1.03,-0.25,0.44,-0.003407323
3/3/2008,-0.04,-0.25,-0.17,0.69,0.28,0.009,0.95,-1.21,-0.27,0.002289709
4/3/2008,-0.36,-0.11,0.1,-0.11,0.44,0.009,0.16,0.17,0.59,0.001186115
5/3/2008,0.56,-0.23,-0.25,0.1,-0.08,0.009,1.07,-0.72,-0.76,-0.000262988
6/3/2008,-2.26,-0.52,-0.11,-0.02,0.32,0.009,1.9,-0.92,0.61,-5.15E-06
7/3/2008,-0.88,0.28,0.54,0.1,0.43,0.009,-0.53,0.85,0.82,0.000795408
10/3/2008,-1.72,-0.69,0.71,0.46,0.75,0.009,0.74,-1.13,1.12,-0.005836808
11/3/2008,3.57,0.41,-0.14,0.39,-0.34,0.009,-1.08,1.51,-0.07,-0.00073523
12/3/2008,-0.77,0.06,-0.7,-0.23,-0.21,0.009,0.86,-0.18,0.29,0.002332833
13/03/2008,0.65,1.28,-0.2,0.45,-0.37,0.009,0.49,-0.23,-0.75,0.002567074
14/03/2008,-2.07,-0.32,-0.03,-0.06,0.19,0.009,1.22,-0.72,0.13,-0.003303862
17/03/2008,-1.21,-0.86,0.64,-0.17,1.06,0.009,1.06,-1.08,1.7,-0.00096452
18/03/2008,4.09,0.19,-0.61,0.37,-0.69,0.009,-2.53,2.29,-0.39,-2.59E-06
19/03/2008,-2.37,-0.03,0.08,-0.63,0.54,0.009,-0.97,0.64,1.69,-0.004981319
20/03/2008,2.3,0.06,0.22,0.46,-0.29,0.009,-3.54,0.1,0.87,-0.004397371
24/03/2008,1.71,1.11,-0.73,-0.27,-0.95,0.009,-1.35,1.68,-1.29,0.001237464
25/03/2008,0.38,0.37,0.01,-0.19,0.01,0.009,0.69,0.65,-0.95,0.00278664
26/03/2008,-0.82,0.57,-0.19,0.26,-0.55,0.009,2.37,0.4,-0.85,0.003014683
27/03/2008,-1.13,-0.21,0.15,-0.53,0.3,0.009,0.86,0.58,0.24,-0.001927833
28/03/2008,-0.82,-0.47,0.34,-0.08,-0.26,0.009,1.74,-0.48,-0.35,0.000896379
31/03/2008,0.57,0.12,0.52,-0.08,-0.22,0.009,-0.88,-0.08,0.16,0.004674876
1/4/2008,3.37,-0.58,-0.16,0.28,-0.23,0.008,-3.04,0.51,0.13,0.002036859
2/4/2008,-0.09,0.48,0.03,0.11,-0.32,0.008,0.2,0.48,-0.43,0.00349092
3/4/2008,0.14,-0.09,-0.05,-0.25,0.12,0.008,-0.11,0.34,-0.32,-0.000365665
4/4/2008,0.16,-0.01,-0.25,-0.02,-0.02,0.008,1.12,0.83,-0.81,2.73E-05
7/4/2008,0.14,-0.36,0.52,-0.11,0.05,0.008,-0.5,0.49,0.08,-0.000703736
8/4/2008,-0.34,0.32,0.09,0.09,-0.38,0.008,1.39,0.29,-0.84,0.002348893
9/4/2008,-0.96,-0.86,-0.09,0.12,-0.09,0.008,1.79,0.98,-0.18,-0.003808358
10/4/2008,0.53,0.62,-0.75,-0.06,0.1,0.008,0.22,-0.19,0.09,0.002509452
11/4/2008,-2.02,-0.57,0.69,0.12,0.12,0.008,0.14,0.53,-0.27,-0.002615759
14/04/2008,-0.38,0.07,0.16,0.42,-0.12,0.008,1.42,-0.69,-0.8,0.004033832
15/04/2008,0.46,0.33,0.35,0.43,0,0.008,0.25,-0.28,0.2,-0.000740091
16/04/2008,2.27,0.55,0.14,0.11,-0.01,0.008,0.33,-0.66,-0.71,-0.003087904
17/04/2008,-0.1,-0.77,0.21,-0.01,0,0.008,-0.9,0.57,0.37,-0.002297377
18/04/2008,1.67,0.12,-0.74,0.39,-0.36,0.008,-0.93,-0.36,-0.47,-0.005767782
21/04/2008,-0.17,-0.2,-0.33,0.12,-0.46,0.008,0.9,-1.05,-0.89,0.002628872
22/04/2008,-0.97,-1.06,0.32,0.03,-0.4,0.008,1.07,-0.35,0.08,-0.001758856
23/04/2008,0.26,0.13,-1.16,-0.13,0.25,0.008,0.33,0.25,-0.08,-0.004123584
24/04/2008,0.66,0.62,0.2,-0.27,0.42,0.008,-2.67,1.94,1.17,0.003190451
25/04/2008,0.68,0,0.17,0.38,-0.56,0.008,-0.88,-0.1,-0.84,0.001574897
28/04/2008,-0.03,0.6,0.18,0.04,-0.17,0.008,-0.26,0.04,-0.02,0.003308016
29/04/2008,-0.36,-0.36,0.31,-0.44,-0.23,0.008,-0.9,0.85,0.72,0.003647522
30/04/2008,-0.3,-0.09,0.15,-0.18,-0.26,0.008,0.82,-0.2,-0.52,-0.003797749
1/5/2008,1.66,0.13,0.02,-0.59,0.48,0.008,-2.12,1.4,1.09,0.006477285
2/5/2008,0.2,-0.72,0.11,0.08,-0.24,0.008,0.16,0.24,-0.65,-0.000191364
5/5/2008,-0.41,0.33,0.04,0.64,-0.02,0.008,1.11,-0.35,-0.78,0.002994964
6/5/2008,0.75,0.01,0.52,0,-0.19,0.008,-0.03,-0.54,-0.53,-0.008154168
7/5/2008,-1.66,-0.01,-0.12,0.28,0.43,0.008,1.17,0.35,-0.06,0.001686413
8/5/2008,0.37,0.04,-0.01,-0.22,-0.1,0.008,1.19,-0.43,-0.69,-0.001558209
9/5/2008,-0.54,0.65,-0.26,0.09,-0.03,0.008,0.39,-0.12,-0.11,0.000140694
12/5/2008,1.1,0.67,-0.4,0.24,0.39,0.008,-0.52,-0.11,-0.06,-0.004489388
13/05/2008,0.09,0.6,0.03,0.15,-0.1,0.008,0.76,-0.38,-0.58,0.003981224
14/05/2008,0.38,-0.44,0.1,-0.15,0.31,0.008,-0.94,0.5,0.59,-0.000343787
15/05/2008,1.02,-0.1,-0.29,0.12,0.15,0.008,-0.43,-0.34,-0.63,0.002048347
16/05/2008,0.1,-0.38,0.16,0.15,-0.48,0.008,0.92,0.29,-0.88,0.003223295
19/05/2008,-0.02,-0.24,0.37,0.05,-0.19,0.008,0.21,-0.09,-0.14,0.003657533
20/05/2008,-0.8,0.52,0.05,0.24,-0.31,0.008,1.21,-0.11,-0.77,0.001153265
21/05/2008,-1.56,0.47,0.29,0,0.41,0.008,1.02,-0.23,0.39,-0.00434502
22/05/2008,0.38,0.28,-0.05,-0.37,0.27,0.008,-0.63,0.64,0.68,0.000283154
23/05/2008,-1.24,0.08,-0.48,-0.12,-0.14,0.008,0.83,-0.05,-0.13,0.000188365
27/05/2008,0.72,0.59,-0.24,-0.24,0.15,0.008,-0.21,0.12,0.33,-0.002234601
28/05/2008,0.49,0.01,-0.07,0.15,-0.2,0.008,0.73,-0.53,-1.14,0.002741423
29/05/2008,0.61,0.29,-0.33,-0.53,0.09,0.008,-1.08,1.13,0.95,-0.003012239
30/05/2008,0.29,0.26,0.14,0.07,-0.52,0.008,0.45,-0.59,-0.71,0.003728576
2/6/2008,-0.98,0.15,0.41,0.35,-0.07,0.008,0.71,-0.98,-0.46,-0.001122384
3/6/2008,-0.46,0.23,-0.02,-0.18,0.14,0.008,-0.21,-0.04,0.59,0.001007858
4/6/2008,0.02,0.53,-0.69,-0.3,0.26,0.008,-0.07,-0.02,0.43,0.000169091
5/6/2008,1.95,0.42,-0.04,0.48,-0.55,0.008,0.45,0.05,-0.9,-0.001557345
6/6/2008,-2.9,0.13,0.11,0.02,-0.44,0.008,1.78,-1.1,-0.38,-0.000477512
9/6/2008,-0.03,-0.6,0.13,0.68,0,0.008,2.05,-1.21,-0.89,-0.002219862
10/6/2008,-0.31,0.02,-0.38,0.17,0.44,0.008,-0.46,0.99,0.89,-0.001569154
11/6/2008,-1.66,-0.2,0.02,0.3,-0.18,0.008,1.96,-1.42,-0.52,-0.005370117
12/6/2008,0.31,0.02,-0.18,-0.1,0.54,0.008,-0.66,1.01,0.9,-0.000821774
13/06/2008,1.56,0.31,-0.34,0.09,-0.14,0.008,-0.31,0.2,-0.63,-0.000907976
16/06/2008,0.15,0.86,-0.23,0.15,-0.4,0.008,-0.15,0.3,-0.25,-0.000234362
17/06/2008,-0.55,0.09,0.02,0.26,-0.39,0.008,1.67,-1.34,-1.14,0.005613309
18/06/2008,-0.96,0.24,0.41,0.2,0.1,0.008,1.24,-1.09,-0.62,-0.004488478
19/06/2008,0.34,0.45,-0.71,-0.09,0.44,0.008,-0.51,0.48,0.52,0.003754191
20/06/2008,-1.79,0.37,0.11,0.35,-0.01,0.008,1.47,-0.25,-0.16,-0.001267214
23/06/2008,-0.16,-0.61,0.06,0.84,-0.24,0.008,3.16,-1.68,-1.78,-0.001413842
24/06/2008,-0.54,-1.16,0.04,-0.16,0.3,0.008,-1.28,1.58,1.22,0.001878562
25/06/2008,0.64,0.3,-0.49,-0.41,0.19,0.008,-0.84,0.75,0.61,0.004694607
26/06/2008,-2.83,0.54,0.21,0.17,-0.09,0.008,1.91,-1.49,-0.29,-0.00468658
27/06/2008,-0.37,0.2,-0.37,0.4,-0.34,0.008,0.94,-1.18,-0.69,-0.006892019
30/06/2008,-0.07,-1.17,0.77,0.14,-0.04,0.008,1.91,-1.53,-0.8,0.003177217
1/7/2008,0.29,-0.33,0.02,0.45,-0.46,0.007,0.49,-0.01,0.16,4.69E-05
2/7/2008,-2,-0.8,-0.22,-0.13,0.21,0.007,0.06,-0.29,1.3,0
3/7/2008,-0.15,-0.71,-0.09,0.37,0.22,0.007,0.22,-0.09,0.41,0
7/7/2008,-0.81,-0.21,-0.96,0.13,0.22,0.007,1.03,-0.49,0.04,0.000687291
8/7/2008,1.84,1.53,1.75,-0.67,0.28,0.007,-2.98,3.26,1.99,-0.000422648
9/7/2008,-2.06,-0.41,-0.97,0.17,0.14,0.007,2.41,-1.34,-0.44,-0.000368713
10/7/2008,0.65,-0.24,-0.8,0.43,-0.4,0.007,3.17,-1.34,-0.89,-0.003052299
11/7/2008,-0.88,1.21,-0.87,-0.1,0.06,0.007,1.67,-1,-0.29,0.00333234
14/07/2008,-0.93,-0.65,-1.92,0.53,-0.2,0.007,2.64,-2,-1.25,0.000327286
15/07/2008,-0.96,0.86,-1.08,0.3,0.57,0.007,0.16,-0.74,1.21,0.001694467
16/07/2008,2.52,1.24,3.28,-0.68,0.01,0.007,-5.83,6.74,2.47,0.008094083
17/07/2008,1.13,0.93,3.05,-0.59,0.41,0.007,-5.77,2.22,2.43,-0.011407261
18/07/2008,-0.08,-0.48,1.01,-0.07,0.04,0.007,-0.6,0.46,-0.08,-0.000504204
21/07/2008,0.16,0.23,-0.28,-0.17,-0.47,0.007,0.75,1.64,-1.25,0.022959704
22/07/2008,1.37,1.68,2.48,-0.31,0.07,0.007,-4.35,-0.16,1.62,0.003230711
23/07/2008,0.32,0.31,1.19,-0.26,0.5,0.007,-3.83,-1.31,1.71,0.001368233
24/07/2008,-2.31,-0.04,-2.38,0.81,-0.08,0.007,3.83,0.53,-0.49,-0.006456597
25/07/2008,0.47,0.61,-0.89,0.07,-0.34,0.007,1.31,0.65,-0.78,-0.001098432
28/07/2008,-1.76,-0.25,-1.03,0.71,0.05,0.007,2.49,0.8,-0.69,-0.001664823
29/07/2008,2.27,0.42,2.52,-0.26,0.23,0.007,-3.95,-0.88,1.65,-0.007864932
30/07/2008,1.58,-1.32,0.15,0.07,-0.3,0.007,1.35,1.71,-1.67,0.002921771
31/07/2008,-1.16,0.65,0.23,-1.06,0.4,0.007,-0.94,-0.72,1.17,-0.006095649
1/8/2008,-0.47,0.87,0.51,0.02,-0.41,0.006,-1.03,-0.59,0.75,0.007326389
4/8/2008,-1.09,-0.21,0.28,0,0.95,0.006,-1.4,-1.62,2.33,-0.00222226
5/8/2008,2.65,-0.27,1.26,0.02,0.24,0.006,-3.28,-1.09,0.81,0.001413488
6/8/2008,0.5,0.28,-0.96,0.14,-0.84,0.006,0.85,1.51,-0.9,-0.005728715
7/8/2008,-1.73,0.25,-1.4,0.76,0.08,0.006,2.06,1.22,-0.66,-0.004592951
8/8/2008,2.28,0.81,1.24,0.25,0.91,0.006,-2.92,-2.23,1.1,-0.001616456
11/8/2008,0.83,1.6,0.91,-0.07,0.31,0.006,-1.88,-1.57,0.88,0.006667494
12/8/2008,-1.05,0.42,-1.77,0.43,0.07,0.006,2.07,2.16,-0.26,-0.003736943
13/08/2008,-0.15,0.29,-1.41,0.03,-0.6,0.006,3.02,3.31,-2.19,0.000163603
14/08/2008,0.63,0.38,0.88,-0.33,-0.01,0.006,-1.99,-1.08,0.81,-0.000148318
15/08/2008,0.38,-0.23,0.89,-0.17,0.46,0.006,-1.83,-0.86,1,0.002034603
18/08/2008,-1.45,0.04,-0.63,0.45,0.15,0.006,1.73,0.34,-0.42,-0.000876013
19/08/2008,-1,-0.84,-0.8,0.44,-0.33,0.006,2.8,1.83,-1.1,-0.000390407
20/08/2008,0.54,-0.54,0.14,0.31,-0.67,0.006,0.78,1.5,-1.38,0.002601443
21/08/2008,0.12,-1.01,-0.13,0.19,0.01,0.006,0.7,0.26,-0.71,0.003327626
22/08/2008,1.14,0.67,0.68,-0.07,0.46,0.006,-1.86,0.17,1.14,0.002298288
25/08/2008,-1.92,-0.28,-0.38,0.03,-0.02,0.006,0.97,0.26,0.13,0.003449186
26/08/2008,0.33,-0.12,0.22,0.13,-0.22,0.006,0.23,0.71,-0.52,0.000591419
27/08/2008,0.88,0.35,0.31,0,-0.12,0.006,-0.43,0.3,-0.35,-0.002868166
28/08/2008,1.51,0.53,1.36,-0.69,0.16,0.006,-2.01,0.26,0.7,0.001335535
29/08/2008,-1.25,0.32,0.56,-0.2,0.17,0.006,-0.47,0.25,-0.18,0.00090648
2/9/2008,-0.44,0.75,1.42,0.29,0.86,0.007,-2.31,-1.35,2.24,-0.006044197
3/9/2008,-0.23,0.87,1.43,0.03,0.42,0.007,-1.67,-0.54,0.98,0.002974467
4/9/2008,-2.9,0.01,-0.38,0.51,0.34,0.007,1.28,0,0.21,-0.005019984
5/9/2008,0.42,-0.44,1.18,-0.31,0.03,0.007,-0.85,0.25,0.75,0.002603275
8/9/2008,1.76,0.03,1.83,0.41,0.96,0.007,-2.1,-2.93,1.36,0.004105605
9/9/2008,-3.41,0.44,-1.08,0.81,1.07,0.007,0.94,-0.93,1.7,-0.000356375
10/9/2008,0.7,0.25,-0.39,0.47,-0.41,0.007,2.09,1.24,-1.42,-0.000880522
11/9/2008,1.22,-0.95,0.37,0.59,-0.04,0.007,0.71,-0.13,-0.05,-0.000240174
12/9/2008,0.29,-0.2,-0.06,0.48,-0.15,0.007,1.09,1.1,-1.38,0.003532907
15/09/2008,-4.45,0.83,-2.23,0.94,1.21,0.007,2.95,-1.6,0.85,-0.005133352
16/09/2008,1.65,0.84,1.63,-0.17,-0.96,0.007,-0.05,-0.87,-1.21,0.004516641
17/09/2008,-4.6,0.14,-1.93,0.59,0.13,0.007,1.85,-1.09,-0.16,-0.009773494
18/09/2008,4.41,2.14,3.99,-1.79,-0.28,0.007,-4.52,-0.51,1.02,0.011801709
19/09/2008,4.27,-0.94,3.33,-1.91,-1.57,0.007,-3.57,3.89,-1.82,0.011307934
22/09/2008,-3.93,-0.28,-2.84,1,-0.06,0.007,2.66,4.58,-0.83,0.004298875
23/09/2008,-1.55,0.04,0.09,-0.15,0.29,0.007,0.29,0.01,1.04,-0.00740986
24/09/2008,-0.32,-1.3,-0.65,0.11,0.21,0.007,1.06,0.56,0.49,-0.002990134
25/09/2008,1.7,-1.02,0.7,0.2,0.06,0.007,-0.45,0.19,0.06,0.010140686
26/09/2008,0.11,-0.53,0.49,0.31,-0.23,0.007,-0.44,-2.31,1.32,-0.005421271
29/09/2008,-8.26,2.41,-3.28,0.68,0.99,0.007,3.33,-3.29,1.4,-0.016827508
30/09/2008,4.88,-2.69,2.31,-0.18,-1.06,0.007,-2.67,4.14,-0.15,0.02331995
1/10/2008,-0.47,-0.48,2.53,-1.07,0.14,0.004,-1.79,-1.91,2.12,-0.000402957
2/10/2008,-4.2,-0.44,0.3,0.42,1.02,0.004,1.04,-4.9,2.81,-0.007220927
3/10/2008,-1.47,-1.24,-1.21,0.63,0.91,0.004,1.93,-0.17,-0.4,-0.00494028
6/10/2008,-3.95,0,0.26,0.5,0.62,0.004,0.98,-1.99,0.97,0.003243043
7/10/2008,-5.76,0.27,-3.07,0.92,0.53,0.004,3.11,-2.96,-0.28,-0.010605048
8/10/2008,-1.27,-0.71,-1.81,0.75,-0.4,0.004,1.39,-0.01,-0.95,-0.015117124
9/10/2008,-7.36,-0.69,-2.71,-0.08,0,0.004,2.09,-1.47,0.34,-0.003130525
10/10/2008,-0.95,4.73,1.88,-0.05,-0.8,0.004,-0.44,0.31,1.94,-0.014885683
13/10/2008,11.35,-2.99,-1.45,0.08,-0.58,0.004,-1.32,11.22,-5.61,0.020345335
14/10/2008,-0.86,-1.88,3.68,-1.13,0.24,0.004,-1.93,1.84,1.4,0.013553447
15/10/2008,-8.78,0.24,0.07,0.17,0.48,0.004,1.91,-4.98,3.38,-0.004233959
16/10/2008,4.32,1.87,-1.24,1.38,-0.34,0.004,1.4,0.45,-1.08,-0.012727496
17/10/2008,-0.41,-1.19,-0.53,-1.03,0.14,0.004,-0.64,2.21,-1.07,-0.009108759
20/10/2008,4.55,-1.33,-0.12,0.11,0.29,0.004,0.7,2.97,-2.97,0.012850195
21/10/2008,-2.95,0.24,0.47,0.46,-0.11,0.004,0.47,-0.43,0.66,-0.002530521
22/10/2008,-5.76,0.79,-0.09,-0.44,0.02,0.004,1.23,-5.01,2.07,-0.004146022
23/10/2008,0.3,-3.34,-0.4,1.58,0.96,0.004,1.8,-2.35,-1.19,0.005636119
24/10/2008,-3.28,-0.17,-0.7,0.39,0.43,0.004,1.02,-1.15,0.19,0.007542436
27/10/2008,-3.36,-0.83,0.21,1.2,0.64,0.004,0.45,-2.47,2.26,-0.005859851
28/10/2008,9.77,-3.46,0.44,1.06,-0.17,0.004,-1.59,1.25,0.02,-0.008379521
29/10/2008,-0.47,2.45,-0.78,-0.23,-0.92,0.004,-0.98,5.18,-2.93,0.010409633
30/10/2008,2.99,1.71,0,-0.43,-1.05,0.004,-0.94,2.16,-1.15,-0.015885741
31/10/2008,1.88,2.76,1.55,-0.45,-0.35,0.004,-0.41,2.9,0.14,-0.000792974
3/11/2008,-0.05,0.29,0.31,-0.76,0.47,0.001,-0.39,1.46,0.45,0.004686141
4/11/2008,3.57,-2.6,0.41,-0.75,-0.77,0.001,-2.55,2.51,-1.09,0.003319899
5/11/2008,-5.05,-0.13,-1.23,0.37,0.11,0.001,2.19,0.84,-0.51,-0.004871674
6/11/2008,-4.83,1.48,-0.54,0.44,1.23,0.001,3.21,-1.95,1.17,-0.008118296
7/11/2008,2.62,-1.25,-0.54,0.54,-0.13,0.001,-0.22,-0.19,-0.59,-0.001281394
10/11/2008,-1.32,-1.07,-1.63,1.03,0.18,0.001,1.85,-2.37,-1.05,-0.003169471
11/11/2008,-2.25,0.08,0.02,0.32,0.43,0.001,2.74,-2.9,0.75,-0.013213395
12/11/2008,-5.14,-0.65,-1.29,1.03,0.05,0.001,3.57,-3.95,0.6,-0.015334842
13/11/2008,6.79,0.71,0.21,0.52,0.4,0.001,-1.92,0.39,-1.3,-0.004032048
14/11/2008,-4.27,-2.28,0.01,-0.14,0,0.001,0.77,-0.67,-0.03,-0.002868392
17/11/2008,-2.43,1.41,-1.03,0.62,0.17,0.001,2.72,-3.26,-0.15,-0.009166962
18/11/2008,0.7,-1.51,-0.48,0.96,0.4,0.001,1.44,-2.63,-0.55,-0.008059206
19/11/2008,-6.29,-0.78,-2.66,1.3,0.23,0.001,4.01,-5.79,-0.67,-0.01860169
20/11/2008,-6.6,0.96,-2.62,1.43,1.24,0.001,4.58,-4.48,1.86,-0.030707482
21/11/2008,6.11,-1.75,-1.39,0.74,1.1,0.001,-0.49,0.25,-2.89,0.009452198
24/11/2008,6.27,0.12,3.64,-0.6,-1.7,0.001,-7.39,10.74,0.19,0.010333613
25/11/2008,0.94,0.52,2.3,-0.79,-0.09,0.001,-2.07,3.55,0.47,0.013515889
26/11/2008,3.88,1.82,0.25,-0.52,-0.6,0.001,-5.13,3.19,-1.13,0.009263272
28/11/2008,1.06,-0.11,1.25,-1.21,0.06,0.001,-2.42,1.83,0.92,0.000255764
1/12/2008,-8.95,-1.66,-2.84,0.82,0.58,0,4.34,-2.94,0.3,-0.000204424
2/12/2008,3.97,1.19,1.96,-0.8,0.51,0,-1.71,4.37,0.72,-0.002029249
3/12/2008,2.63,0.07,1.05,0.26,0,0,-0.49,2.34,0.8,0.005654264
4/12/2008,-2.9,0.34,0.66,0.17,0.57,0,0.77,-0.58,1.96,8.94E-05
5/12/2008,3.75,0.59,1.06,-0.48,-0.47,0,-1.88,1.72,0.97,0.008778656
8/12/2008,3.8,-0.07,0.29,-0.12,-1.34,0,-4.55,4.44,-2.65,0.007933403
9/12/2008,-2.23,-0.87,-1.06,-0.54,-0.54,0,-0.57,2.56,-0.78,0.01325468
10/12/2008,1.2,0.85,-0.49,0.54,-0.39,0,-1.22,1.69,-1.84,0.011962366
11/12/2008,-2.93,-1.77,-1.78,0.25,0.12,0,1.36,0.35,-0.85,-0.003520087
12/12/2008,0.96,2.49,0.04,-0.17,0.01,0,-0.31,-0.39,0.85,-0.007088156
15/12/2008,-1.54,-1.65,-0.94,0.6,-0.02,0,1.31,0.07,-0.21,-0.000597078
16/12/2008,5.15,0.47,1.91,-0.82,-0.1,0,-3.07,1.03,0.27,0.01007061
17/12/2008,-0.62,1.61,-0.35,0.07,-0.31,0,-1.44,-0.55,-0.3,0.008190069
18/12/2008,-1.83,0.81,-0.43,0.16,-0.14,0,1.48,1.11,0.62,-0.00098497
19/12/2008,0.35,0.74,-0.1,0.18,-0.17,0,-1.22,-0.91,0.4,0.003626998
22/12/2008,-1.87,-0.27,-0.84,0.16,0.61,0,3.42,3.57,0.74,-0.004820565
23/12/2008,-0.89,-0.34,-0.63,0.14,-0.32,0,1.22,0.69,-0.62,0.001868047
24/12/2008,0.51,-0.09,0.39,0.27,-0.05,0,-0.32,-0.1,0.1,-0.003179072
26/12/2008,0.63,0.6,0.13,-0.06,0.19,0,-0.79,-0.13,-0.42,0.004447573
29/12/2008,-0.56,-1.5,0.09,0.46,-0.11,0,1.32,0.99,-0.71,-0.021970728
30/12/2008,2.47,0.83,0.9,-0.07,0.05,0,-1.53,-0.23,-0.14,0.009779402
31/12/2008,1.7,1.68,0.72,-0.65,-0.11,0,-1.84,0.24,0.38,0.000242138
2/1/2009,3.11,-1.48,0.07,-0.49,-0.14,0,-4.34,0.18,-0.78,0.006859161
5/1/2009,-0.28,0.25,-0.65,-0.67,-0.56,0,-3.08,-0.19,-1.3,0
6/1/2009,0.87,1.11,0.9,-0.76,-0.13,0,-5.09,-2.31,0.7,0
7/1/2009,-2.96,-0.03,-1.01,0.29,0.11,0,1.82,2.53,0.23,-0.001943783
8/1/2009,0.47,0.64,0.47,-0.56,0.63,0,-1.61,-1.14,-0.6,0.000132486
9/1/2009,-2.21,-1.65,-1.06,0.41,0.1,0,0.78,1.02,-0.29,-0.001950111
12/1/2009,-2.28,-0.13,-1.71,0.49,0.49,0,3.97,1.22,0.53,-0.000964047
13/01/2009,0.28,0.47,-0.05,-0.25,-0.33,0,0.71,0.64,0.09,0.00427527
14/01/2009,-3.38,-0.74,-1.22,0.35,0.27,0,2.94,0.24,-0.22,0.001334565
15/01/2009,0.39,1.68,-2.05,0.41,0.45,0,1.82,-0.85,-0.79,0.008339733
16/01/2009,0.74,0.11,-0.83,0.26,0.4,0,0.23,-0.78,-0.39,-0.002382571
20/01/2009,-5.34,-0.97,-3.39,0.69,1.27,0,4.73,-3.92,-0.89,0.000529106
21/01/2009,4.21,-0.16,2.04,-0.61,-1.35,0,-4.29,4.69,-1.33,-0.000122432
22/01/2009,-1.62,-1.33,-1.24,0.18,-0.78,0,2.43,-1.37,-0.64,0.007836598
23/01/2009,0.44,-0.26,0.67,-0.4,-0.55,0,-2.54,-0.47,-0.25,0.003151227
26/01/2009,0.54,0.69,-0.3,0.24,-0.25,0,0.07,-1.11,-0.48,-0.004113849
27/01/2009,1.08,-0.14,0.03,-0.48,-0.12,0,-1.28,1.06,0.23,-0.00026981
28/01/2009,3.32,0.17,2.08,-0.47,-0.71,0,-4.07,2.97,-0.01,0.006133399
29/01/2009,-3.23,-0.69,-1.94,0.08,-0.01,0,3.14,-0.64,-0.2,-0.003986883
30/01/2009,-2.16,0.07,-1,0.05,-0.32,0,1.82,-0.71,-0.94,-0.005917959
2/2/2009,0.06,1.2,-0.77,-0.11,0.26,0.001,1.05,-0.51,0.84,-0.002707707
3/2/2009,1.46,-0.73,-1.94,0.69,0.49,0.001,0.88,-1.13,-0.66,0.001714162
4/2/2009,-0.6,-0.36,-0.22,-0.4,-0.61,0.001,-0.89,-0.27,-1.46,-0.001735227
5/2/2009,1.61,0.01,-0.15,0.19,-0.21,0.001,-1.7,0.18,-0.1,0.010113572
6/2/2009,2.79,0.52,2,-0.16,-0.31,0.001,-3.08,4.39,0.82,-0.002329276
9/2/2009,0.03,-0.72,0.08,0.02,-0.43,0.001,-1.42,1.78,0.03,0.005083868
10/2/2009,-4.62,0.3,-2.31,0.37,-0.13,0.001,3.79,-2.64,-0.79,-0.00228331
11/2/2009,0.75,-0.32,0.64,-0.45,-0.03,0.001,-0.81,0.92,1.28,-0.002638546
12/2/2009,0.3,0.24,-0.71,0.28,-0.5,0.001,0.26,-1.16,-0.22,0.000327256
13/02/2009,-0.85,0.51,-0.98,-0.48,-0.23,0.001,-0.18,-1.14,-0.78,-0.002318793
17/02/2009,-4.36,0.47,-2.28,0.79,0.47,0.001,4.3,-0.9,0.73,-0.004316576
18/02/2009,-0.33,-1.01,-0.95,0.73,-0.28,0.001,0.94,-0.54,0.31,-0.001550016
19/02/2009,-1.15,-0.44,-1.49,0.6,-0.27,0.001,1.99,-0.83,-1.21,-0.001639762
20/02/2009,-1.16,-0.25,-1.24,0.64,0.34,0.001,1.43,-1.65,0.09,0.003482073
23/02/2009,-3.43,-0.17,0.68,-0.01,0.57,0.001,1.92,-0.24,1.58,-0.008268053
24/02/2009,4,-0.27,2.5,-1.41,-0.3,0.001,-4.1,3.68,0.54,0.003148078
25/02/2009,-1.15,-1.38,0.23,0.05,-0.07,0.001,0.42,0.17,0.65,0.001377329
26/02/2009,-1.53,-0.2,1.35,0.04,-0.23,0.001,-1.63,1.16,-0.34,-0.001035957
27/02/2009,-2.01,1.18,-1.74,0.4,0.34,0.001,2.31,-4.23,0.02,-0.000177793
2/3/2009,-4.75,-0.44,-0.53,0.48,0.92,0.001,5.24,-4.21,1.28,-0.007608737
3/3/2009,-0.71,-1.15,-2.02,-0.13,-0.84,0.001,0.36,-1.47,-0.71,0.004700327
4/3/2009,2.42,0.12,-0.58,-0.57,-0.12,0.001,-1.66,0.31,-0.86,0.004803742
5/3/2009,-4.21,-1.19,-2.63,0.74,0.06,0.001,3.32,-4.41,0.49,-0.006605368
6/3/2009,0.2,0.25,-0.65,-0.16,-0.12,0.001,0.62,0.47,-0.33,-0.005547962
9/3/2009,-1.09,-0.86,0.46,0.14,-0.64,0.001,-1.67,2,0.01,0.000609676
10/3/2009,6.35,0.18,3.14,-1.84,-0.08,0.001,-6.56,8.11,0.99,0.022021084
11/3/2009,0.3,-0.39,0.62,-0.14,-0.53,0.001,-0.98,0.76,0.06,0.001606396
12/3/2009,4.16,2,1.78,-0.43,-0.01,0.001,-3.57,3.53,1.65,-0.010616252
13/03/2009,0.73,0.24,0.4,-0.12,0.03,0.001,-0.09,1.62,0.86,-0.00294518
16/03/2009,-0.55,-0.9,0.64,0.46,-0.1,0.001,-1.43,1.9,-1.33,-0.00031206
17/03/2009,3.2,1.02,1.21,-0.4,0.04,0.001,-1.46,0.55,0.82,0.002103968
18/03/2009,2.18,1.16,3.19,-0.85,0.32,0.001,-5.14,0.12,1.57,0.007140374
19/03/2009,-1.03,0.22,-1.67,0.3,-0.5,0.001,0.17,1.54,-1.45,0.003419018
20/03/2009,-1.95,-0.76,-0.65,0.31,0.17,0.001,2.83,1.52,0.7,-0.008101225
23/03/2009,6.89,0.5,3.46,-0.75,-0.18,0.001,-7.53,-1.63,-0.34,0.011579619
24/03/2009,-1.93,-1.61,-1.2,0.09,-0.24,0.001,0.23,1.82,-0.55,0.001629511
25/03/2009,0.94,1.46,0.63,-0.14,-0.3,0.001,-0.59,0.27,0.27,0.000803006
26/03/2009,2.68,1.84,0.19,-0.3,0.17,0.001,-2.3,-0.14,0.52,0.013539865
27/03/2009,-2.06,-1.29,0.28,-0.27,0.47,0.001,0.99,1.72,0.39,-0.000297625
30/03/2009,-3.47,0.86,-3.4,1.39,-0.12,0.001,6.66,3.99,-0.31,-0.007533419
31/03/2009,1.29,0,1.08,-0.1,-0.36,0.001,-1.6,-0.34,0.44,0.00295355
